Geographic Area Name,CBSA code,Metro vs Micro,Population,States,Primary State,Primary State Name
"Aberdeen, SD Micro Area",10100,Micropolitan Statistical Area,42112,SD,SD,South Dakota
"Aberdeen, WA Micro Area",10140,Micropolitan Statistical Area,76397,WA,WA,Washington
"Ada, OK Micro Area",10220,Micropolitan Statistical Area,38158,OK,OK,Oklahoma
"Adrian, MI Micro Area",10300,Micropolitan Statistical Area,98823,MI,MI,Michigan
"Alamogordo, NM Micro Area",10460,Micropolitan Statistical Area,68235,NM,NM,New Mexico
"Alamosa, CO Micro Area",10480,Micropolitan Statistical Area,27622,CO,CO,Colorado
"Albemarle, NC Micro Area",10620,Micropolitan Statistical Area,63557,NC,NC,North Carolina
"Albert Lea, MN Micro Area",10660,Micropolitan Statistical Area,30752,MN,MN,Minnesota
"Albertville, AL Micro Area",10700,Micropolitan Statistical Area,98712,AL,AL,Alabama
"Alexander City, AL Micro Area",10760,Micropolitan Statistical Area,41070,AL,AL,Alabama
"Alexandria, MN Micro Area",10820,Micropolitan Statistical Area,39354,MN,MN,Minnesota
"Alice, TX Micro Area",10860,Micropolitan Statistical Area,45850,TX,TX,Texas
"Alma, MI Micro Area",10940,Micropolitan Statistical Area,41478,MI,MI,Michigan
"Alpena, MI Micro Area",10980,Micropolitan Statistical Area,28908,MI,MI,Michigan
"Altus, OK Micro Area",11060,Micropolitan Statistical Area,24730,OK,OK,Oklahoma
"Americus, GA Micro Area",11140,Micropolitan Statistical Area,33713,GA,GA,Georgia
"Amsterdam, NY Micro Area",11220,Micropolitan Statistical Area,49461,NY,NY,New York
"Anderson Creek, NC Micro Area",11360,Micropolitan Statistical Area,136503,NC,NC,North Carolina
"Andrews, TX Micro Area",11380,Micropolitan Statistical Area,18518,TX,TX,Texas
"Angola, IN Micro Area",11420,Micropolitan Statistical Area,34648,IN,IN,Indiana
"Arcadia, FL Micro Area",11580,Micropolitan Statistical Area,34719,FL,FL,Florida
"Ardmore, OK Micro Area",11620,Micropolitan Statistical Area,48255,OK,OK,Oklahoma
"Arkadelphia, AR Micro Area",11660,Micropolitan Statistical Area,21378,AR,AR,Arkansas
"Arkansas City-Winfield, KS Micro Area",11680,Micropolitan Statistical Area,34487,KS,KS,Kansas
"Ashland, OH Micro Area",11740,Micropolitan Statistical Area,52296,OH,OH,Ohio
"Astoria, OR Micro Area",11820,Micropolitan Statistical Area,41343,OR,OR,Oregon
"Atchison, KS Micro Area",11860,Micropolitan Statistical Area,16211,KS,KS,Kansas
"Athens, OH Micro Area",11900,Micropolitan Statistical Area,61573,OH,OH,Ohio
"Athens, TN Micro Area",11940,Micropolitan Statistical Area,67211,TN,TN,Tennessee
"Athens, TX Micro Area",11980,Micropolitan Statistical Area,83658,TX,TX,Texas
"Auburn, IN Micro Area",12140,Micropolitan Statistical Area,43584,IN,IN,Indiana
"Auburn, NY Micro Area",12180,Micropolitan Statistical Area,75464,NY,NY,New York
"Augusta-Waterville, ME Micro Area",12300,Micropolitan Statistical Area,125614,ME,ME,Maine
"Austin, MN Micro Area",12380,Micropolitan Statistical Area,40069,MN,MN,Minnesota
"Bainbridge, GA Micro Area",12460,Micropolitan Statistical Area,29118,GA,GA,Georgia
"Baker City, OR Micro Area",12520,Micropolitan Statistical Area,16796,OR,OR,Oregon
"Baraboo, WI Micro Area",12660,Micropolitan Statistical Area,65759,WI,WI,Wisconsin
"Barre, VT Micro Area",12740,Micropolitan Statistical Area,59958,VT,VT,Vermont
"Bartlesville, OK Micro Area",12780,Micropolitan Statistical Area,52895,OK,OK,Oklahoma
"Batavia, NY Micro Area",12860,Micropolitan Statistical Area,57943,NY,NY,New York
"Batesville, AR Micro Area",12900,Micropolitan Statistical Area,38120,AR,AR,Arkansas
"Bay City, TX Micro Area",13060,Micropolitan Statistical Area,36274,TX,TX,Texas
"Beatrice, NE Micro Area",13100,Micropolitan Statistical Area,21646,NE,NE,Nebraska
"Beaver Dam, WI Micro Area",13180,Micropolitan Statistical Area,88818,WI,WI,Wisconsin
"Bedford, IN Micro Area",13260,Micropolitan Statistical Area,45077,IN,IN,Indiana
"Beeville, TX Micro Area",13300,Micropolitan Statistical Area,31000,TX,TX,Texas
"Bellefontaine, OH Micro Area",13340,Micropolitan Statistical Area,46140,OH,OH,Ohio
"Bemidji, MN Micro Area",13420,Micropolitan Statistical Area,46421,MN,MN,Minnesota
"Bennington, VT Micro Area",13540,Micropolitan Statistical Area,37312,VT,VT,Vermont
"Big Rapids, MI Micro Area",13660,Micropolitan Statistical Area,40321,MI,MI,Michigan
"Big Spring, TX Micro Area",13700,Micropolitan Statistical Area,33127,TX,TX,Texas
"Bishop, CA Micro Area",13860,Micropolitan Statistical Area,18803,CA,CA,California
"Blackfoot, ID Micro Area",13940,Micropolitan Statistical Area,48993,ID,ID,Idaho
"Bloomsburg-Berwick, PA Micro Area",14100,Micropolitan Statistical Area,65055,PA,PA,Pennsylvania
"Bluefield, WV-VA Micro Area",14140,Micropolitan Statistical Area,98995,WV-VA,WV,West Virginia
"Blytheville, AR Micro Area",14180,Micropolitan Statistical Area,39749,AR,AR,Arkansas
"Bogalusa, LA Micro Area",14220,Micropolitan Statistical Area,45238,LA,LA,Louisiana
"Bonham, TX Micro Area",14300,Micropolitan Statistical Area,36525,TX,TX,Texas
"Boone, NC Micro Area",14380,Micropolitan Statistical Area,54607,NC,NC,North Carolina
"Borger, TX Micro Area",14420,Micropolitan Statistical Area,20413,TX,TX,Texas
"Bradford, PA Micro Area",14620,Micropolitan Statistical Area,40149,PA,PA,Pennsylvania
"Brainerd, MN Micro Area",14660,Micropolitan Statistical Area,97801,MN,MN,Minnesota
"Branson, MO Micro Area",14700,Micropolitan Statistical Area,56382,MO,MO,Missouri
"Brattleboro, VT Micro Area",14710,Micropolitan Statistical Area,45913,VT,VT,Vermont
"Breckenridge, CO Micro Area",14720,Micropolitan Statistical Area,38268,CO,CO,Colorado
"Brenham, TX Micro Area",14780,Micropolitan Statistical Area,36156,TX,TX,Texas
"Brevard, NC Micro Area",14820,Micropolitan Statistical Area,33243,NC,NC,North Carolina
"Brigham City, UT-ID Micro Area",14940,Micropolitan Statistical Area,64406,UT-ID,UT,Utah
"Brookhaven, MS Micro Area",15020,Micropolitan Statistical Area,34830,MS,MS,Mississippi
"Brookings, OR Micro Area",15060,Micropolitan Statistical Area,23463,OR,OR,Oregon
"Brookings, SD Micro Area",15100,Micropolitan Statistical Area,34968,SD,SD,South Dakota
"Brownwood, TX Micro Area",15220,Micropolitan Statistical Area,38294,TX,TX,Texas
"Bucyrus, OH Micro Area",15340,Micropolitan Statistical Area,41767,OH,OH,Ohio
"Burley, ID Micro Area",15420,Micropolitan Statistical Area,47087,ID,ID,Idaho
"Burlington, IA-IL Micro Area",15460,Micropolitan Statistical Area,44881,IA-IL,IA,Iowa
"Butte-Silver Bow, MT Micro Area",15580,Micropolitan Statistical Area,35589,MT,MT,Montana
"Cadillac, MI Micro Area",15620,Micropolitan Statistical Area,49024,MI,MI,Michigan
"Calhoun, GA Micro Area",15660,Micropolitan Statistical Area,58336,GA,GA,Georgia
"Cambridge, MD Micro Area",15700,Micropolitan Statistical Area,32612,MD,MD,Maryland
"Cambridge, OH Micro Area",15740,Micropolitan Statistical Area,38283,OH,OH,Ohio
"Camden, AR Micro Area",15780,Micropolitan Statistical Area,27034,AR,AR,Arkansas
"Campbellsville, KY Micro Area",15820,Micropolitan Statistical Area,37483,KY,KY,Kentucky
"Cañon City, CO Micro Area",15860,Micropolitan Statistical Area,49394,CO,CO,Colorado
"Canton, IL Micro Area",15900,Micropolitan Statistical Area,33259,IL,IL,Illinois
"Carbondale, IL Micro Area",16060,Micropolitan Statistical Area,52706,IL,IL,Illinois
"Carlsbad-Artesia, NM Micro Area",16100,Micropolitan Statistical Area,61114,NM,NM,New Mexico
"Carroll, IA Micro Area",16140,Micropolitan Statistical Area,20677,IA,IA,Iowa
"Cedar City, UT Micro Area",16260,Micropolitan Statistical Area,60201,UT,UT,Utah
"Cedartown, GA Micro Area",16340,Micropolitan Statistical Area,43365,GA,GA,Georgia
"Celina, OH Micro Area",16380,Micropolitan Statistical Area,42438,OH,OH,Ohio
"Centralia, IL Micro Area",16460,Micropolitan Statistical Area,37294,IL,IL,Illinois
"Centralia, WA Micro Area",16500,Micropolitan Statistical Area,83925,WA,WA,Washington
"Charleston-Mattoon, IL Micro Area",16660,Micropolitan Statistical Area,46689,IL,IL,Illinois
"Chillicothe, OH Micro Area",17060,Micropolitan Statistical Area,76748,OH,OH,Ohio
"Clarksburg, WV Micro Area",17220,Micropolitan Statistical Area,89717,WV,WV,West Virginia
"Clarksdale, MS Micro Area",17260,Micropolitan Statistical Area,20808,MS,MS,Mississippi
"Clearlake, CA Micro Area",17340,Micropolitan Statistical Area,68139,CA,CA,California
"Cleveland, MS Micro Area",17380,Micropolitan Statistical Area,30163,MS,MS,Mississippi
"Clewiston, FL Micro Area",17500,Micropolitan Statistical Area,53122,FL,FL,Florida
"Clinton, IA Micro Area",17540,Micropolitan Statistical Area,46383,IA,IA,Iowa
"Clovis, NM Micro Area",17580,Micropolitan Statistical Area,66934,NM,NM,New Mexico
"Coamo, PR Micro Area",17620,Micropolitan Statistical Area,54358,PR,PR,Puerto Rico
"Coco, PR Micro Area",17640,Micropolitan Statistical Area,25397,PR,PR,Puerto Rico
"Cody, WY Micro Area",17650,Micropolitan Statistical Area,30109,WY,WY,Wyoming
"Coldwater, MI Micro Area",17740,Micropolitan Statistical Area,44914,MI,MI,Michigan
"Columbus, MS Micro Area",18060,Micropolitan Statistical Area,68323,MS,MS,Mississippi
"Columbus, NE Micro Area",18100,Micropolitan Statistical Area,44899,NE,NE,Nebraska
"Concord, NH Micro Area",18180,Micropolitan Statistical Area,155018,NH,NH,New Hampshire
"Connersville, IN Micro Area",18220,Micropolitan Statistical Area,23390,IN,IN,Indiana
"Cookeville, TN Micro Area",18260,Micropolitan Statistical Area,143819,TN,TN,Tennessee
"Coos Bay-North Bend, OR Micro Area",18300,Micropolitan Statistical Area,64832,OR,OR,Oregon
"Corbin, KY Micro Area",18340,Micropolitan Statistical Area,149625,KY,KY,Kentucky
"Cordele, GA Micro Area",18380,Micropolitan Statistical Area,19995,GA,GA,Georgia
"Corinth, MS Micro Area",18420,Micropolitan Statistical Area,34500,MS,MS,Mississippi
"Cornelia, GA Micro Area",18460,Micropolitan Statistical Area,46948,GA,GA,Georgia
"Corning, NY Micro Area",18500,Micropolitan Statistical Area,93034,NY,NY,New York
"Corsicana, TX Micro Area",18620,Micropolitan Statistical Area,53735,TX,TX,Texas
"Cortland, NY Micro Area",18660,Micropolitan Statistical Area,46401,NY,NY,New York
"Coshocton, OH Micro Area",18740,Micropolitan Statistical Area,36679,OH,OH,Ohio
"Crawfordsville, IN Micro Area",18820,Micropolitan Statistical Area,38155,IN,IN,Indiana
"Crescent City, CA Micro Area",18860,Micropolitan Statistical Area,27293,CA,CA,California
"Crossville, TN Micro Area",18900,Micropolitan Statistical Area,62529,TN,TN,Tennessee
"Cullman, AL Micro Area",18980,Micropolitan Statistical Area,89463,AL,AL,Alabama
"Cumberland, MD-WV Micro Area",19060,Micropolitan Statistical Area,94684,MD-WV,MD,Maryland
"Danville, IL Micro Area",19180,Micropolitan Statistical Area,73179,IL,IL,Illinois
"Danville, KY Micro Area",19220,Micropolitan Statistical Area,55123,KY,KY,Kentucky
"Danville, VA Micro Area",19260,Micropolitan Statistical Area,102387,VA,VA,Virginia
"Decatur, IN Micro Area",19540,Micropolitan Statistical Area,35995,IN,IN,Indiana
"Defiance, OH Micro Area",19580,Micropolitan Statistical Area,38258,OH,OH,Ohio
"Del Rio, TX Micro Area",19620,Micropolitan Statistical Area,47647,TX,TX,Texas
"Deming, NM Micro Area",19700,Micropolitan Statistical Area,25420,NM,NM,New Mexico
"DeRidder, LA Micro Area",19760,Micropolitan Statistical Area,36646,LA,LA,Louisiana
"Detroit Lakes, MN Micro Area",19810,Micropolitan Statistical Area,35260,MN,MN,Minnesota
"Dickinson, ND Micro Area",19860,Micropolitan Statistical Area,38107,ND,ND,North Dakota
"Dixon, IL Micro Area",19940,Micropolitan Statistical Area,34058,IL,IL,Illinois
"Dodge City, KS Micro Area",19980,Micropolitan Statistical Area,34133,KS,KS,Kansas
"Douglas, GA Micro Area",20060,Micropolitan Statistical Area,51422,GA,GA,Georgia
"Dublin, GA Micro Area",20140,Micropolitan Statistical Area,58811,GA,GA,Georgia
"DuBois, PA Micro Area",20180,Micropolitan Statistical Area,78902,PA,PA,Pennsylvania
"Dumas, TX Micro Area",20300,Micropolitan Statistical Area,21234,TX,TX,Texas
"Duncan, OK Micro Area",20340,Micropolitan Statistical Area,43314,OK,OK,Oklahoma
"Durango, CO Micro Area",20420,Micropolitan Statistical Area,56088,CO,CO,Colorado
"Durant, OK Micro Area",20460,Micropolitan Statistical Area,47237,OK,OK,Oklahoma
"Dyersburg, TN Micro Area",20540,Micropolitan Statistical Area,36681,TN,TN,Tennessee
"Easton, MD Micro Area",20660,Micropolitan Statistical Area,37707,MD,MD,Maryland
"East Stroudsburg, PA Micro Area",20700,Micropolitan Statistical Area,167784,PA,PA,Pennsylvania
"Edwards, CO Micro Area",20780,Micropolitan Statistical Area,55374,CO,CO,Colorado
"Effingham, IL Micro Area",20820,Micropolitan Statistical Area,44883,IL,IL,Illinois
"El Campo, TX Micro Area",20900,Micropolitan Statistical Area,41651,TX,TX,Texas
"El Dorado, AR Micro Area",20980,Micropolitan Statistical Area,38368,AR,AR,Arkansas
"Elizabeth City, NC Micro Area",21020,Micropolitan Statistical Area,40830,NC,NC,North Carolina
"Elk City, OK Micro Area",21120,Micropolitan Statistical Area,22202,OK,OK,Oklahoma
"Elkins, WV Micro Area",21180,Micropolitan Statistical Area,27782,WV,WV,West Virginia
"Elko, NV Micro Area",21220,Micropolitan Statistical Area,55512,NV,NV,Nevada
"Ellensburg, WA Micro Area",21260,Micropolitan Statistical Area,44736,WA,WA,Washington
"Emporia, KS Micro Area",21380,Micropolitan Statistical Area,34724,KS,KS,Kansas
"Enterprise, AL Micro Area",21460,Micropolitan Statistical Area,54231,AL,AL,Alabama
"Escanaba, MI Micro Area",21540,Micropolitan Statistical Area,36829,MI,MI,Michigan
"Española, NM Micro Area",21580,Micropolitan Statistical Area,40165,NM,NM,New Mexico
"Eufaula, AL-GA Micro Area",21640,Micropolitan Statistical Area,26849,AL-GA,AL,Alabama
"Eureka-Arcata, CA Micro Area",21700,Micropolitan Statistical Area,135418,CA,CA,California
"Evanston, WY-UT Micro Area",21740,Micropolitan Statistical Area,23193,WY-UT,WY,Wyoming
"Fairmont, MN Micro Area",21860,Micropolitan Statistical Area,19864,MN,MN,Minnesota
"Fairmont, WV Micro Area",21900,Micropolitan Statistical Area,56042,WV,WV,West Virginia
"Fallon, NV Micro Area",21980,Micropolitan Statistical Area,25614,NV,NV,Nevada
"Faribault-Northfield, MN Micro Area",22060,Micropolitan Statistical Area,67389,MN,MN,Minnesota
"Farmington, MO Micro Area",22100,Micropolitan Statistical Area,66864,MO,MO,Missouri
"Fayetteville, TN Micro Area",22190,Micropolitan Statistical Area,35617,TN,TN,Tennessee
"Fergus Falls, MN Micro Area",22260,Micropolitan Statistical Area,60281,MN,MN,Minnesota
"Findlay, OH Micro Area",22300,Micropolitan Statistical Area,74885,OH,OH,Ohio
"Fitzgerald, GA Micro Area",22340,Micropolitan Statistical Area,17138,GA,GA,Georgia
"Forest City, NC Micro Area",22580,Micropolitan Statistical Area,64850,NC,NC,North Carolina
"Forrest City, AR Micro Area",22620,Micropolitan Statistical Area,22740,AR,AR,Arkansas
"Fort Dodge, IA Micro Area",22700,Micropolitan Statistical Area,36848,IA,IA,Iowa
"Fort Leonard Wood, MO Micro Area",22780,Micropolitan Statistical Area,53850,MO,MO,Missouri
"Fort Madison, IA Micro Area",22800,Micropolitan Statistical Area,33175,IA,IA,Iowa
"Fort Morgan, CO Micro Area",22820,Micropolitan Statistical Area,29186,CO,CO,Colorado
"Fort Payne, AL Micro Area",22840,Micropolitan Statistical Area,71946,AL,AL,Alabama
"Frankfort, IN Micro Area",23140,Micropolitan Statistical Area,32967,IN,IN,Indiana
"Frankfort, KY Micro Area",23180,Micropolitan Statistical Area,75661,KY,KY,Kentucky
"Franklin, KY Micro Area",23190,Micropolitan Statistical Area,19786,KY,KY,Kentucky
"Fredericksburg, TX Micro Area",23240,Micropolitan Statistical Area,27202,TX,TX,Texas
"Freeport, IL Micro Area",23300,Micropolitan Statistical Area,44042,IL,IL,Illinois
"Fremont, NE Micro Area",23340,Micropolitan Statistical Area,37146,NE,NE,Nebraska
"Fremont, OH Micro Area",23380,Micropolitan Statistical Area,58770,OH,OH,Ohio
"Gaffney, SC Micro Area",23500,Micropolitan Statistical Area,56299,SC,SC,South Carolina
"Gainesville, TX Micro Area",23620,Micropolitan Statistical Area,42473,TX,TX,Texas
"Galesburg, IL Micro Area",23660,Micropolitan Statistical Area,49294,IL,IL,Illinois
"Gallipolis, OH Micro Area",23680,Micropolitan Statistical Area,29162,OH,OH,Ohio
"Gallup, NM Micro Area",23700,Micropolitan Statistical Area,71172,NM,NM,New Mexico
"Garden City, KS Micro Area",23780,Micropolitan Statistical Area,38001,KS,KS,Kansas
"Gardnerville Ranchos, NV-CA Micro Area",23820,Micropolitan Statistical Area,51319,NV-CA,NV,Nevada
"Gillette, WY Micro Area",23940,Micropolitan Statistical Area,47018,WY,WY,Wyoming
"Glasgow, KY Micro Area",23980,Micropolitan Statistical Area,55042,KY,KY,Kentucky
"Gloversville, NY Micro Area",24100,Micropolitan Statistical Area,52787,NY,NY,New York
"Granbury, TX Micro Area",24180,Micropolitan Statistical Area,64198,TX,TX,Texas
"Grand Rapids, MN Micro Area",24330,Micropolitan Statistical Area,45141,MN,MN,Minnesota
"Great Bend, KS Micro Area",24460,Micropolitan Statistical Area,25275,KS,KS,Kansas
"Greencastle, IN Micro Area",24600,Micropolitan Statistical Area,37091,IN,IN,Indiana
"Greeneville, TN Micro Area",24620,Micropolitan Statistical Area,70919,TN,TN,Tennessee
"Greenfield, MA Micro Area",24640,Micropolitan Statistical Area,70922,MA,MA,Massachusetts
"Greensburg, IN Micro Area",24700,Micropolitan Statistical Area,26411,IN,IN,Indiana
"Greenville, MS Micro Area",24740,Micropolitan Statistical Area,43674,MS,MS,Mississippi
"Greenville, OH Micro Area",24820,Micropolitan Statistical Area,51655,OH,OH,Ohio
"Greenwood, MS Micro Area",24900,Micropolitan Statistical Area,37260,MS,MS,Mississippi
"Greenwood, SC Micro Area",24940,Micropolitan Statistical Area,93681,SC,SC,South Carolina
"Grenada, MS Micro Area",24980,Micropolitan Statistical Area,31050,MS,MS,Mississippi
"Guymon, OK Micro Area",25100,Micropolitan Statistical Area,20880,OK,OK,Oklahoma
"Hailey, ID Micro Area",25200,Micropolitan Statistical Area,31010,ID,ID,Idaho
"Hannibal, MO Micro Area",25300,Micropolitan Statistical Area,38887,MO,MO,Missouri
"Harrison, AR Micro Area",25460,Micropolitan Statistical Area,45071,AR,AR,Arkansas
"Hastings, NE Micro Area",25580,Micropolitan Statistical Area,40503,NE,NE,Nebraska
"Hays, KS Micro Area",25700,Micropolitan Statistical Area,28870,KS,KS,Kansas
"Heber, UT Micro Area",25720,Micropolitan Statistical Area,78517,UT,UT,Utah
"Hemlock Farms, PA Micro Area",25770,Micropolitan Statistical Area,59691,PA,PA,Pennsylvania
"Henderson, KY Micro Area",25775,Micropolitan Statistical Area,57366,KY,KY,Kentucky
"Henderson, NC Micro Area",25780,Micropolitan Statistical Area,42361,NC,NC,North Carolina
"Hereford, TX Micro Area",25820,Micropolitan Statistical Area,18487,TX,TX,Texas
"Hermiston-Pendleton, OR Micro Area",25840,Micropolitan Statistical Area,92336,OR,OR,Oregon
"Hermitage, PA Micro Area",25850,Micropolitan Statistical Area,109852,PA,PA,Pennsylvania
"Hillsdale, MI Micro Area",25880,Micropolitan Statistical Area,45658,MI,MI,Michigan
"Hilo-Kailua, HI Micro Area",25900,Micropolitan Statistical Area,203684,HI,HI,Hawaii
"Hobbs, NM Micro Area",26020,Micropolitan Statistical Area,73154,NM,NM,New Mexico
"Holland, MI Micro Area",26090,Micropolitan Statistical Area,120913,MI,MI,Michigan
"Hood River, OR Micro Area",26220,Micropolitan Statistical Area,23958,OR,OR,Oregon
"Houghton, MI Micro Area",26340,Micropolitan Statistical Area,39534,MI,MI,Michigan
"Hudson, NY Micro Area",26460,Micropolitan Statistical Area,61245,NY,NY,New York
"Huntingdon, PA Micro Area",26500,Micropolitan Statistical Area,43844,PA,PA,Pennsylvania
"Huntington, IN Micro Area",26540,Micropolitan Statistical Area,36757,IN,IN,Indiana
"Huntsville, TX Micro Area",26660,Micropolitan Statistical Area,78292,TX,TX,Texas
"Huron, SD Micro Area",26700,Micropolitan Statistical Area,19279,SD,SD,South Dakota
"Hutchinson, KS Micro Area",26740,Micropolitan Statistical Area,61693,KS,KS,Kansas
"Hutchinson, MN Micro Area",26780,Micropolitan Statistical Area,36771,MN,MN,Minnesota
"Indiana, PA Micro Area",26860,Micropolitan Statistical Area,83213,PA,PA,Pennsylvania
"Iron Mountain, MI-WI Micro Area",27020,Micropolitan Statistical Area,30557,MI-WI,MI,Michigan
"Jackson, WY-ID Micro Area",27220,Micropolitan Statistical Area,35459,WY-ID,WY,Wyoming
"Jacksonville, IL Micro Area",27300,Micropolitan Statistical Area,37468,IL,IL,Illinois
"Jacksonville, TX Micro Area",27380,Micropolitan Statistical Area,51143,TX,TX,Texas
"Jamestown, ND Micro Area",27420,Micropolitan Statistical Area,21525,ND,ND,North Dakota
"Jamestown-Dunkirk, NY Micro Area",27460,Micropolitan Statistical Area,126329,NY,NY,New York
"Jasper, IN Micro Area",27540,Micropolitan Statistical Area,43563,IN,IN,Indiana
"Jefferson, GA Micro Area",27600,Micropolitan Statistical Area,80640,GA,GA,Georgia
"Jesup, GA Micro Area",27700,Micropolitan Statistical Area,30519,GA,GA,Georgia
"Juneau, AK Micro Area",27940,Micropolitan Statistical Area,31969,AK,AK,Alaska
"Kalispell, MT Micro Area",28060,Micropolitan Statistical Area,108445,MT,MT,Montana
"Kapaa, HI Micro Area",28180,Micropolitan Statistical Area,73610,HI,HI,Hawaii
"Kearney, NE Micro Area",28260,Micropolitan Statistical Area,57020,NE,NE,Nebraska
"Keene, NH Micro Area",28300,Micropolitan Statistical Area,76945,NH,NH,New Hampshire
"Kendallville, IN Micro Area",28340,Micropolitan Statistical Area,47417,IN,IN,Indiana
"Kennett, MO Micro Area",28380,Micropolitan Statistical Area,27795,MO,MO,Missouri
"Kerrville, TX Micro Area",28500,Micropolitan Statistical Area,53166,TX,TX,Texas
"Ketchikan, AK Micro Area",28540,Micropolitan Statistical Area,13870,AK,AK,Alaska
"Key West-Key Largo, FL Micro Area",28580,Micropolitan Statistical Area,81840,FL,FL,Florida
"Kill Devil Hills, NC Micro Area",28620,Micropolitan Statistical Area,37534,NC,NC,North Carolina
"Kingsland, GA Micro Area",28680,Micropolitan Statistical Area,56036,GA,GA,Georgia
"Kingsville, TX Micro Area",28780,Micropolitan Statistical Area,30629,TX,TX,Texas
"Kinston, NC Micro Area",28820,Micropolitan Statistical Area,54917,NC,NC,North Carolina
"Kirksville, MO Micro Area",28860,Micropolitan Statistical Area,29268,MO,MO,Missouri
"Klamath Falls, OR Micro Area",28900,Micropolitan Statistical Area,69812,OR,OR,Oregon
"Laconia, NH Micro Area",29060,Micropolitan Statistical Area,64300,NH,NH,New Hampshire
"La Grande, OR Micro Area",29260,Micropolitan Statistical Area,26192,OR,OR,Oregon
"LaGrange, GA-AL Micro Area",29300,Micropolitan Statistical Area,104271,GA-AL,GA,Georgia
"Lake City, FL Micro Area",29380,Micropolitan Statistical Area,70755,FL,FL,Florida
"Lake of the Woods, VA Micro Area",29470,Micropolitan Statistical Area,37208,VA,VA,Virginia
"Laramie, WY Micro Area",29660,Micropolitan Statistical Area,37713,WY,WY,Wyoming
"Lares, PR Micro Area",29720,Micropolitan Statistical Area,27944,PR,PR,Puerto Rico
"Las Vegas, NM Micro Area",29780,Micropolitan Statistical Area,31212,NM,NM,New Mexico
"Laurel, MS Micro Area",29860,Micropolitan Statistical Area,83050,MS,MS,Mississippi
"Laurinburg, NC Micro Area",29900,Micropolitan Statistical Area,34353,NC,NC,North Carolina
"Lawrenceburg, TN Micro Area",29980,Micropolitan Statistical Area,44901,TN,TN,Tennessee
"Lebanon, MO Micro Area",30060,Micropolitan Statistical Area,36245,MO,MO,Missouri
"Lebanon-Claremont, NH-VT Micro Area",30150,Micropolitan Statistical Area,222850,NH-VT,NH,New Hampshire
"Le Mars, IA Micro Area",30180,Micropolitan Statistical Area,25699,IA,IA,Iowa
"Lewisburg, PA Micro Area",30260,Micropolitan Statistical Area,42570,PA,PA,Pennsylvania
"Lewisburg, TN Micro Area",30280,Micropolitan Statistical Area,35276,TN,TN,Tennessee
"Lewistown, PA Micro Area",30380,Micropolitan Statistical Area,46074,PA,PA,Pennsylvania
"Lexington, NE Micro Area",30420,Micropolitan Statistical Area,25949,NE,NE,Nebraska
"Liberal, KS Micro Area",30580,Micropolitan Statistical Area,21640,KS,KS,Kansas
"Lincoln, IL Micro Area",30660,Micropolitan Statistical Area,27870,IL,IL,Illinois
"Lock Haven, PA Micro Area",30820,Micropolitan Statistical Area,37707,PA,PA,Pennsylvania
"Logansport, IN Micro Area",30900,Micropolitan Statistical Area,37703,IN,IN,Indiana
"Los Alamos, NM Micro Area",31060,Micropolitan Statistical Area,19374,NM,NM,New Mexico
"Ludington, MI Micro Area",31220,Micropolitan Statistical Area,29177,MI,MI,Michigan
"Lufkin, TX Micro Area",31260,Micropolitan Statistical Area,86791,TX,TX,Texas
"Lumberton, NC Micro Area",31300,Micropolitan Statistical Area,116858,NC,NC,North Carolina
"Macomb, IL Micro Area",31380,Micropolitan Statistical Area,27102,IL,IL,Illinois
"Madison, IN Micro Area",31500,Micropolitan Statistical Area,33074,IN,IN,Indiana
"Madisonville, KY Micro Area",31580,Micropolitan Statistical Area,45143,KY,KY,Kentucky
"Magnolia, AR Micro Area",31620,Micropolitan Statistical Area,22527,AR,AR,Arkansas
"Malvern, AR Micro Area",31680,Micropolitan Statistical Area,33142,AR,AR,Arkansas
"Manitowoc, WI Micro Area",31820,Micropolitan Statistical Area,81314,WI,WI,Wisconsin
"Marietta, OH Micro Area",31930,Micropolitan Statistical Area,59318,OH,OH,Ohio
"Marinette, WI-MI Micro Area",31940,Micropolitan Statistical Area,65202,WI-MI,WI,Wisconsin
"Marion, IN Micro Area",31980,Micropolitan Statistical Area,66377,IN,IN,Indiana
"Marion, NC Micro Area",32000,Micropolitan Statistical Area,44679,NC,NC,North Carolina
"Marion, OH Micro Area",32020,Micropolitan Statistical Area,65145,OH,OH,Ohio
"Marion-Herrin, IL Micro Area",32060,Micropolitan Statistical Area,66902,IL,IL,Illinois
"Marquette, MI Micro Area",32100,Micropolitan Statistical Area,66430,MI,MI,Michigan
"Marshall, MN Micro Area",32140,Micropolitan Statistical Area,25498,MN,MN,Minnesota
"Marshall, MO Micro Area",32180,Micropolitan Statistical Area,23177,MO,MO,Missouri
"Marshalltown, IA Micro Area",32260,Micropolitan Statistical Area,39971,IA,IA,Iowa
"Martin, TN Micro Area",32280,Micropolitan Statistical Area,32959,TN,TN,Tennessee
"Martinsville, VA Micro Area",32300,Micropolitan Statistical Area,63949,VA,VA,Virginia
"Maryville, MO Micro Area",32340,Micropolitan Statistical Area,20959,MO,MO,Missouri
"Mason City, IA Micro Area",32380,Micropolitan Statistical Area,50165,IA,IA,Iowa
"Massena-Ogdensburg, NY Micro Area",32390,Micropolitan Statistical Area,107796,NY,NY,New York
"Mayfield, KY Micro Area",32460,Micropolitan Statistical Area,36612,KY,KY,Kentucky
"McAlester, OK Micro Area",32540,Micropolitan Statistical Area,43629,OK,OK,Oklahoma
"McComb, MS Micro Area",32620,Micropolitan Statistical Area,53794,MS,MS,Mississippi
"McMinnville, TN Micro Area",32660,Micropolitan Statistical Area,41587,TN,TN,Tennessee
"McPherson, KS Micro Area",32700,Micropolitan Statistical Area,30130,KS,KS,Kansas
"Meadville, PA Micro Area",32740,Micropolitan Statistical Area,83189,PA,PA,Pennsylvania
"Menomonie, WI Micro Area",32860,Micropolitan Statistical Area,45349,WI,WI,Wisconsin
"Meridian, MS Micro Area",32940,Micropolitan Statistical Area,87408,MS,MS,Mississippi
"Mexico, MO Micro Area",33020,Micropolitan Statistical Area,24688,MO,MO,Missouri
"Miami, OK Micro Area",33060,Micropolitan Statistical Area,30360,OK,OK,Oklahoma
"Middlesborough, KY Micro Area",33180,Micropolitan Statistical Area,23878,KY,KY,Kentucky
"Milledgeville, GA Micro Area",33300,Micropolitan Statistical Area,43669,GA,GA,Georgia
"Minden, LA Micro Area",33380,Micropolitan Statistical Area,36189,LA,LA,Louisiana
"Mineral Wells, TX Micro Area",33420,Micropolitan Statistical Area,28920,TX,TX,Texas
"Mitchell, SD Micro Area",33580,Micropolitan Statistical Area,25779,SD,SD,South Dakota
"Moberly, MO Micro Area",33620,Micropolitan Statistical Area,24524,MO,MO,Missouri
"Monticello, IN Micro Area",33900,Micropolitan Statistical Area,24709,IN,IN,Indiana
"Monticello, NY Micro Area",33910,Micropolitan Statistical Area,79147,NY,NY,New York
"Montrose, CO Micro Area",33940,Micropolitan Statistical Area,43272,CO,CO,Colorado
"Morehead City, NC Micro Area",33980,Micropolitan Statistical Area,68652,NC,NC,North Carolina
"Morgan City, LA Micro Area",34020,Micropolitan Statistical Area,48455,LA,LA,Louisiana
"Moscow, ID Micro Area",34140,Micropolitan Statistical Area,40315,ID,ID,Idaho
"Moses Lake, WA Micro Area",34180,Micropolitan Statistical Area,100428,WA,WA,Washington
"Moultrie, GA Micro Area",34220,Micropolitan Statistical Area,45907,GA,GA,Georgia
"Mountain Home, AR Micro Area",34260,Micropolitan Statistical Area,42150,AR,AR,Arkansas
"Mountain Home, ID Micro Area",34300,Micropolitan Statistical Area,29046,ID,ID,Idaho
"Mount Airy, NC Micro Area",34340,Micropolitan Statistical Area,71407,NC,NC,North Carolina
"Mount Pleasant, MI Micro Area",34380,Micropolitan Statistical Area,64475,MI,MI,Michigan
"Mount Pleasant, TX Micro Area",34420,Micropolitan Statistical Area,55950,TX,TX,Texas
"Mount Sterling, KY Micro Area",34460,Micropolitan Statistical Area,47286,KY,KY,Kentucky
"Mount Vernon, IL Micro Area",34500,Micropolitan Statistical Area,36808,IL,IL,Illinois
"Mount Vernon, OH Micro Area",34540,Micropolitan Statistical Area,62888,OH,OH,Ohio
"Murray, KY Micro Area",34660,Micropolitan Statistical Area,37882,KY,KY,Kentucky
"Murrells Inlet, SC Micro Area",34680,Micropolitan Statistical Area,64200,SC,SC,South Carolina
"Muscatine, IA Micro Area",34700,Micropolitan Statistical Area,42735,IA,IA,Iowa
"Muskogee, OK Micro Area",34780,Micropolitan Statistical Area,66471,OK,OK,Oklahoma
"Nacogdoches, TX Micro Area",34860,Micropolitan Statistical Area,64897,TX,TX,Texas
"Nantucket, MA Micro Area",34880,Micropolitan Statistical Area,14299,MA,MA,Massachusetts
"Natchez, MS-LA Micro Area",35020,Micropolitan Statistical Area,54550,MS-LA,MS,Mississippi
"Natchitoches, LA Micro Area",35060,Micropolitan Statistical Area,37047,LA,LA,Louisiana
"New Bern, NC Micro Area",35100,Micropolitan Statistical Area,122634,NC,NC,North Carolina
"Newberry, SC Micro Area",35140,Micropolitan Statistical Area,38121,SC,SC,South Carolina
"New Castle, IN Micro Area",35220,Micropolitan Statistical Area,48896,IN,IN,Indiana
"New Iberia, LA Micro Area",35340,Micropolitan Statistical Area,69194,LA,LA,Louisiana
"New Philadelphia-Dover, OH Micro Area",35420,Micropolitan Statistical Area,92585,OH,OH,Ohio
"Newport, OR Micro Area",35440,Micropolitan Statistical Area,50632,OR,OR,Oregon
"Newport, TN Micro Area",35460,Micropolitan Statistical Area,36503,TN,TN,Tennessee
"New Ulm, MN Micro Area",35580,Micropolitan Statistical Area,25826,MN,MN,Minnesota
"Nogales, AZ Micro Area",35700,Micropolitan Statistical Area,48209,AZ,AZ,Arizona
"Norfolk, NE Micro Area",35740,Micropolitan Statistical Area,48682,NE,NE,Nebraska
"North Platte, NE Micro Area",35820,Micropolitan Statistical Area,34934,NE,NE,Nebraska
"North Wilkesboro, NC Micro Area",35900,Micropolitan Statistical Area,65983,NC,NC,North Carolina
"Norwalk, OH Micro Area",35940,Micropolitan Statistical Area,58412,OH,OH,Ohio
"Oak Harbor, WA Micro Area",36020,Micropolitan Statistical Area,86747,WA,WA,Washington
"Ocean Pines, MD Micro Area",36180,Micropolitan Statistical Area,53279,MD,MD,Maryland
"Oil City, PA Micro Area",36340,Micropolitan Statistical Area,50096,PA,PA,Pennsylvania
"Okeechobee, FL Micro Area",36380,Micropolitan Statistical Area,40249,FL,FL,Florida
"Olean, NY Micro Area",36460,Micropolitan Statistical Area,76479,NY,NY,New York
"Oneonta, NY Micro Area",36580,Micropolitan Statistical Area,59738,NY,NY,New York
"Ontario, OR-ID Micro Area",36620,Micropolitan Statistical Area,57891,OR-ID,OR,Oregon
"Opelousas, LA Micro Area",36660,Micropolitan Statistical Area,82128,LA,LA,Louisiana
"Orangeburg, SC Micro Area",36700,Micropolitan Statistical Area,83531,SC,SC,South Carolina
"Oskaloosa, IA Micro Area",36820,Micropolitan Statistical Area,22045,IA,IA,Iowa
"Othello, WA Micro Area",36830,Micropolitan Statistical Area,20690,WA,WA,Washington
"Ottawa, IL Micro Area",36837,Micropolitan Statistical Area,147676,IL,IL,Illinois
"Ottawa, KS Micro Area",36840,Micropolitan Statistical Area,25994,KS,KS,Kansas
"Ottumwa, IA Micro Area",36900,Micropolitan Statistical Area,35265,IA,IA,Iowa
"Owatonna, MN Micro Area",36940,Micropolitan Statistical Area,37413,MN,MN,Minnesota
"Owosso, MI Micro Area",37020,Micropolitan Statistical Area,68061,MI,MI,Michigan
"Oxford, MS Micro Area",37060,Micropolitan Statistical Area,69359,MS,MS,Mississippi
"Ozark, AL Micro Area",37120,Micropolitan Statistical Area,49516,AL,AL,Alabama
"Pahrump, NV Micro Area",37220,Micropolitan Statistical Area,53207,NV,NV,Nevada
"Palatka, FL Micro Area",37260,Micropolitan Statistical Area,74235,FL,FL,Florida
"Palestine, TX Micro Area",37300,Micropolitan Statistical Area,57825,TX,TX,Texas
"Pampa, TX Micro Area",37420,Micropolitan Statistical Area,21916,TX,TX,Texas
"Paragould, AR Micro Area",37500,Micropolitan Statistical Area,46182,AR,AR,Arkansas
"Paris, TN Micro Area",37540,Micropolitan Statistical Area,32345,TN,TN,Tennessee
"Paris, TX Micro Area",37580,Micropolitan Statistical Area,62042,TX,TX,Texas
"Payson, AZ Micro Area",37740,Micropolitan Statistical Area,53610,AZ,AZ,Arizona
"Pella, IA Micro Area",37800,Micropolitan Statistical Area,33551,IA,IA,Iowa
"Peru, IN Micro Area",37940,Micropolitan Statistical Area,35772,IN,IN,Indiana
"Petoskey, MI Micro Area",37950,Micropolitan Statistical Area,34159,MI,MI,Michigan
"Picayune, MS Micro Area",38100,Micropolitan Statistical Area,56781,MS,MS,Mississippi
"Pierre, SD Micro Area",38180,Micropolitan Statistical Area,20744,SD,SD,South Dakota
"Pikeville, KY Micro Area",38210,Micropolitan Statistical Area,92808,KY,KY,Kentucky
"Pine Bluff, AR Micro Area",38220,Micropolitan Statistical Area,73271,AR,AR,Arkansas
"Pittsburg, KS Micro Area",38260,Micropolitan Statistical Area,38963,KS,KS,Kansas
"Plainview, TX Micro Area",38380,Micropolitan Statistical Area,37541,TX,TX,Texas
"Platteville, WI Micro Area",38420,Micropolitan Statistical Area,51678,WI,WI,Wisconsin
"Plattsburgh, NY Micro Area",38460,Micropolitan Statistical Area,78961,NY,NY,New York
"Plymouth, IN Micro Area",38500,Micropolitan Statistical Area,46225,IN,IN,Indiana
"Ponca City, OK Micro Area",38620,Micropolitan Statistical Area,43731,OK,OK,Oklahoma
"Pontiac, IL Micro Area",38700,Micropolitan Statistical Area,35659,IL,IL,Illinois
"Poplar Bluff, MO Micro Area",38740,Micropolitan Statistical Area,42166,MO,MO,Missouri
"Port Angeles, WA Micro Area",38820,Micropolitan Statistical Area,77593,WA,WA,Washington
"Port Lavaca, TX Micro Area",38920,Micropolitan Statistical Area,19921,TX,TX,Texas
"Portsmouth, OH Micro Area",39020,Micropolitan Statistical Area,73118,OH,OH,Ohio
"Port Townsend, WA Micro Area",39040,Micropolitan Statistical Area,33313,WA,WA,Washington
"Pottsville, PA Micro Area",39060,Micropolitan Statistical Area,143259,PA,PA,Pennsylvania
"Price, UT Micro Area",39220,Micropolitan Statistical Area,20446,UT,UT,Utah
"Pullman, WA Micro Area",39420,Micropolitan Statistical Area,47042,WA,WA,Washington
"Putnam, CT Micro Area",39480,Micropolitan Statistical Area,95829,CT,CT,Connecticut
"Quincy, IL-MO Micro Area",39500,Micropolitan Statistical Area,75111,IL-MO,IL,Illinois
"Raymondville, TX Micro Area",39700,Micropolitan Statistical Area,20218,TX,TX,Texas
"Red Bluff, CA Micro Area",39780,Micropolitan Statistical Area,65520,CA,CA,California
"Red Wing, MN Micro Area",39860,Micropolitan Statistical Area,47844,MN,MN,Minnesota
"Rexburg, ID Micro Area",39940,Micropolitan Statistical Area,67279,ID,ID,Idaho
"Rice Lake, WI Micro Area",39960,Micropolitan Statistical Area,46741,WI,WI,Wisconsin
"Richmond, IN Micro Area",39980,Micropolitan Statistical Area,66377,IN,IN,Indiana
"Richmond-Berea, KY Micro Area",40080,Micropolitan Statistical Area,124287,KY,KY,Kentucky
"Rifle, CO Micro Area",40090,Micropolitan Statistical Area,79153,CO,CO,Colorado
"Rio Grande City-Roma, TX Micro Area",40100,Micropolitan Statistical Area,65809,TX,TX,Texas
"Riverton, WY Micro Area",40180,Micropolitan Statistical Area,39472,WY,WY,Wyoming
"Roanoke Rapids, NC Micro Area",40260,Micropolitan Statistical Area,65431,NC,NC,North Carolina
"Rochelle, IL Micro Area",40300,Micropolitan Statistical Area,51536,IL,IL,Illinois
"Rockingham, NC Micro Area",40460,Micropolitan Statistical Area,42818,NC,NC,North Carolina
"Rock Springs, WY Micro Area",40540,Micropolitan Statistical Area,41786,WY,WY,Wyoming
"Rolla, MO Micro Area",40620,Micropolitan Statistical Area,44948,MO,MO,Missouri
"Roseburg, OR Micro Area",40700,Micropolitan Statistical Area,111807,OR,OR,Oregon
"Roswell, NM Micro Area",40740,Micropolitan Statistical Area,64446,NM,NM,New Mexico
"Ruidoso, NM Micro Area",40760,Micropolitan Statistical Area,20227,NM,NM,New Mexico
"Russellville, AL Micro Area",40770,Micropolitan Statistical Area,31978,AL,AL,Alabama
"Russellville, AR Micro Area",40780,Micropolitan Statistical Area,84025,AR,AR,Arkansas
"Ruston, LA Micro Area",40820,Micropolitan Statistical Area,48160,LA,LA,Louisiana
"Rutland, VT Micro Area",40860,Micropolitan Statistical Area,60484,VT,VT,Vermont
"Safford, AZ Micro Area",40940,Micropolitan Statistical Area,38860,AZ,AZ,Arizona
"St. Marys, PA Micro Area",41260,Micropolitan Statistical Area,30703,PA,PA,Pennsylvania
"Salem, OH Micro Area",41400,Micropolitan Statistical Area,101203,OH,OH,Ohio
"Salina, KS Micro Area",41460,Micropolitan Statistical Area,59583,KS,KS,Kansas
"Sandpoint, ID Micro Area",41760,Micropolitan Statistical Area,49456,ID,ID,Idaho
"Sanford, NC Micro Area",41820,Micropolitan Statistical Area,64565,NC,NC,North Carolina
"Sault Ste. Marie, MI Micro Area",42300,Micropolitan Statistical Area,36448,MI,MI,Michigan
"Sayre, PA Micro Area",42380,Micropolitan Statistical Area,59971,PA,PA,Pennsylvania
"Scottsbluff, NE Micro Area",42420,Micropolitan Statistical Area,36594,NE,NE,Nebraska
"Scottsboro, AL Micro Area",42460,Micropolitan Statistical Area,52839,AL,AL,Alabama
"Seaford, DE Micro Area",42580,Micropolitan Statistical Area,247799,DE,DE,Delaware
"Searcy, AR Micro Area",42620,Micropolitan Statistical Area,77395,AR,AR,Arkansas
"Sedalia, MO Micro Area",42740,Micropolitan Statistical Area,43205,MO,MO,Missouri
"Selinsgrove, PA Micro Area",42780,Micropolitan Statistical Area,39711,PA,PA,Pennsylvania
"Selma, AL Micro Area",42820,Micropolitan Statistical Area,37536,AL,AL,Alabama
"Seneca, SC Micro Area",42860,Micropolitan Statistical Area,79566,SC,SC,South Carolina
"Seneca Falls, NY Micro Area",42900,Micropolitan Statistical Area,33125,NY,NY,New York
"Sevierville, TN Micro Area",42940,Micropolitan Statistical Area,98802,TN,TN,Tennessee
"Seymour, IN Micro Area",42980,Micropolitan Statistical Area,46319,IN,IN,Indiana
"Shawano, WI Micro Area",43020,Micropolitan Statistical Area,45183,WI,WI,Wisconsin
"Shawnee, OK Micro Area",43060,Micropolitan Statistical Area,73011,OK,OK,Oklahoma
"Shelby-Kings Mountain, NC Micro Area",43140,Micropolitan Statistical Area,100170,NC,NC,North Carolina
"Shelbyville, TN Micro Area",43180,Micropolitan Statistical Area,51291,TN,TN,Tennessee
"Shelton, WA Micro Area",43220,Micropolitan Statistical Area,66968,WA,WA,Washington
"Sheridan, WY Micro Area",43260,Micropolitan Statistical Area,31585,WY,WY,Wyoming
"Show Low, AZ Micro Area",43320,Micropolitan Statistical Area,107744,AZ,AZ,Arizona
"Sidney, OH Micro Area",43380,Micropolitan Statistical Area,48007,OH,OH,Ohio
"Sikeston, MO Micro Area",43460,Micropolitan Statistical Area,50046,MO,MO,Missouri
"Silver City, NM Micro Area",43500,Micropolitan Statistical Area,27856,NM,NM,New Mexico
"Snyder, TX Micro Area",43660,Micropolitan Statistical Area,16633,TX,TX,Texas
"Somerset, KY Micro Area",43700,Micropolitan Statistical Area,65503,KY,KY,Kentucky
"Somerset, PA Micro Area",43740,Micropolitan Statistical Area,73255,PA,PA,Pennsylvania
"Sonora, CA Micro Area",43760,Micropolitan Statistical Area,54873,CA,CA,California
"Sparta, WI Micro Area",43890,Micropolitan Statistical Area,46169,WI,WI,Wisconsin
"Spearfish, SD Micro Area",43940,Micropolitan Statistical Area,26574,SD,SD,South Dakota
"Spencer, IA Micro Area",43980,Micropolitan Statistical Area,16446,IA,IA,Iowa
"Spirit Lake, IA Micro Area",44020,Micropolitan Statistical Area,17844,IA,IA,Iowa
"Starkville, MS Micro Area",44260,Micropolitan Statistical Area,61415,MS,MS,Mississippi
"Statesboro, GA Micro Area",44340,Micropolitan Statistical Area,92112,GA,GA,Georgia
"Steamboat Springs, CO Micro Area",44460,Micropolitan Statistical Area,38248,CO,CO,Colorado
"Stephenville, TX Micro Area",44500,Micropolitan Statistical Area,43244,TX,TX,Texas
"Sterling, CO Micro Area",44540,Micropolitan Statistical Area,21067,CO,CO,Colorado
"Sterling, IL Micro Area",44580,Micropolitan Statistical Area,55192,IL,IL,Illinois
"Stevens Point-Plover, WI Micro Area",44620,Micropolitan Statistical Area,70375,WI,WI,Wisconsin
"Stillwater, OK Micro Area",44660,Micropolitan Statistical Area,82290,OK,OK,Oklahoma
"Storm Lake, IA Micro Area",44740,Micropolitan Statistical Area,20684,IA,IA,Iowa
"Sturgis, MI Micro Area",44780,Micropolitan Statistical Area,60870,MI,MI,Michigan
"Sulphur Springs, TX Micro Area",44860,Micropolitan Statistical Area,37351,TX,TX,Texas
"Summerville, GA Micro Area",44900,Micropolitan Statistical Area,24975,GA,GA,Georgia
"Sunbury, PA Micro Area",44980,Micropolitan Statistical Area,109004,PA,PA,Pennsylvania
"Susanville, CA Micro Area",45000,Micropolitan Statistical Area,31177,CA,CA,California
"Sweetwater, TX Micro Area",45020,Micropolitan Statistical Area,14565,TX,TX,Texas
"Tahlequah, OK Micro Area",45140,Micropolitan Statistical Area,47621,OK,OK,Oklahoma
"Talladega-Sylacauga, AL Micro Area",45180,Micropolitan Statistical Area,91493,AL,AL,Alabama
"Taos, NM Micro Area",45340,Micropolitan Statistical Area,34516,NM,NM,New Mexico
"Taylorville, IL Micro Area",45380,Micropolitan Statistical Area,33684,IL,IL,Illinois
"The Dalles, OR Micro Area",45520,Micropolitan Statistical Area,26603,OR,OR,Oregon
"Thomaston, GA Micro Area",45580,Micropolitan Statistical Area,27856,GA,GA,Georgia
"Thomasville, GA Micro Area",45620,Micropolitan Statistical Area,71752,GA,GA,Georgia
"Tiffin, OH Micro Area",45660,Micropolitan Statistical Area,54861,OH,OH,Ohio
"Tifton, GA Micro Area",45700,Micropolitan Statistical Area,50237,GA,GA,Georgia
"Toccoa, GA Micro Area",45740,Micropolitan Statistical Area,26842,GA,GA,Georgia
"Torrington, CT Micro Area",45860,Micropolitan Statistical Area,112848,CT,CT,Connecticut
"Town of Pecos, TX Micro Area",45880,Micropolitan Statistical Area,13219,TX,TX,Texas
"Troy, AL Micro Area",45980,Micropolitan Statistical Area,32953,AL,AL,Alabama
"Truckee-Grass Valley, CA Micro Area",46020,Micropolitan Statistical Area,102452,CA,CA,California
"Tullahoma-Manchester, TN Micro Area",46100,Micropolitan Statistical Area,65551,TN,TN,Tennessee
"Tupelo, MS Micro Area",46180,Micropolitan Statistical Area,132079,MS,MS,Mississippi
"Ukiah, CA Micro Area",46380,Micropolitan Statistical Area,90709,CA,CA,California
"Union City, TN Micro Area",46460,Micropolitan Statistical Area,30570,TN,TN,Tennessee
"Urbana, OH Micro Area",46500,Micropolitan Statistical Area,38772,OH,OH,Ohio
"Utuado, PR Micro Area",46580,Micropolitan Statistical Area,27896,PR,PR,Puerto Rico
"Uvalde, TX Micro Area",46620,Micropolitan Statistical Area,24810,TX,TX,Texas
"Van Wert, OH Micro Area",46780,Micropolitan Statistical Area,28824,OH,OH,Ohio
"Vermillion, SD Micro Area",46820,Micropolitan Statistical Area,15133,SD,SD,South Dakota
"Vernal, UT Micro Area",46860,Micropolitan Statistical Area,36458,UT,UT,Utah
"Vernon, TX Micro Area",46900,Micropolitan Statistical Area,12712,TX,TX,Texas
"Vicksburg, MS Micro Area",46980,Micropolitan Statistical Area,43623,MS,MS,Mississippi
"Vidalia, GA Micro Area",47080,Micropolitan Statistical Area,35618,GA,GA,Georgia
"Vincennes, IN Micro Area",47180,Micropolitan Statistical Area,36108,IN,IN,Indiana
"Vineyard Haven, MA Micro Area",47240,Micropolitan Statistical Area,20751,MA,MA,Massachusetts
"Wabash, IN Micro Area",47340,Micropolitan Statistical Area,30901,IN,IN,Indiana
"Wahpeton, ND-MN Micro Area",47420,Micropolitan Statistical Area,22963,ND-MN,ND,North Dakota
"Wapakoneta, OH Micro Area",47540,Micropolitan Statistical Area,46209,OH,OH,Ohio
"Warren, PA Micro Area",47620,Micropolitan Statistical Area,38174,PA,PA,Pennsylvania
"Warrensburg, MO Micro Area",47660,Micropolitan Statistical Area,54331,MO,MO,Missouri
"Warsaw, IN Micro Area",47700,Micropolitan Statistical Area,80357,IN,IN,Indiana
"Washington, IN Micro Area",47780,Micropolitan Statistical Area,33442,IN,IN,Indiana
"Washington, NC Micro Area",47820,Micropolitan Statistical Area,44597,NC,NC,North Carolina
"Washington Court House, OH Micro Area",47920,Micropolitan Statistical Area,28880,OH,OH,Ohio
"Watertown, SD Micro Area",47980,Micropolitan Statistical Area,28556,SD,SD,South Dakota
"Watertown-Fort Atkinson, WI Micro Area",48020,Micropolitan Statistical Area,85867,WI,WI,Wisconsin
"Waycross, GA Micro Area",48180,Micropolitan Statistical Area,55954,GA,GA,Georgia
"Waynesville, NC Micro Area",48200,Micropolitan Statistical Area,62432,NC,NC,North Carolina
"Weatherford, OK Micro Area",48220,Micropolitan Statistical Area,39189,OK,OK,Oklahoma
"West Plains, MO Micro Area",48460,Micropolitan Statistical Area,40168,MO,MO,Missouri
"Whitewater-Elkhorn, WI Micro Area",48580,Micropolitan Statistical Area,105447,WI,WI,Wisconsin
"Williston, ND Micro Area",48780,Micropolitan Statistical Area,39368,ND,ND,North Dakota
"Willmar, MN Micro Area",48820,Micropolitan Statistical Area,43757,MN,MN,Minnesota
"Wilmington, OH Micro Area",48940,Micropolitan Statistical Area,42014,OH,OH,Ohio
"Wilson, NC Micro Area",48980,Micropolitan Statistical Area,78648,NC,NC,North Carolina
"Winchester, TN Micro Area",49010,Micropolitan Statistical Area,43478,TN,TN,Tennessee
"Winnemucca, NV Micro Area",49080,Micropolitan Statistical Area,17299,NV,NV,Nevada
"Winona, MN Micro Area",49100,Micropolitan Statistical Area,49705,MN,MN,Minnesota
"Wisconsin Rapids-Marshfield, WI Micro Area",49220,Micropolitan Statistical Area,74039,WI,WI,Wisconsin
"Woodward, OK Micro Area",49260,Micropolitan Statistical Area,20260,OK,OK,Oklahoma
"Wooster, OH Micro Area",49300,Micropolitan Statistical Area,116618,OH,OH,Ohio
"Worthington, MN Micro Area",49380,Micropolitan Statistical Area,22067,MN,MN,Minnesota
"Yankton, SD Micro Area",49460,Micropolitan Statistical Area,23379,SD,SD,South Dakota
"Zanesville, OH Micro Area",49780,Micropolitan Statistical Area,86382,OH,OH,Ohio
"Zapata, TX Micro Area",49820,Micropolitan Statistical Area,13855,TX,TX,Texas
"Abilene, TX Metro Area",10180,Metropolitan Statistical Area,178244,TX,TX,Texas
"Aguadilla, PR Metro Area",10380,Metropolitan Statistical Area,252430,PR,PR,Puerto Rico
"Akron, OH Metro Area",10420,Metropolitan Statistical Area,699508,OH,OH,Ohio
"Albany, GA Metro Area",10500,Metropolitan Statistical Area,146768,GA,GA,Georgia
"Albany, OR Metro Area",10540,Metropolitan Statistical Area,129794,OR,OR,Oregon
"Albany-Schenectady-Troy, NY Metro Area",10580,Metropolitan Statistical Area,902372,NY,NY,New York
"Albuquerque, NM Metro Area",10740,Metropolitan Statistical Area,918567,NM,NM,New Mexico
"Alexandria, LA Metro Area",10780,Metropolitan Statistical Area,150593,LA,LA,Louisiana
"Allentown-Bethlehem-Easton, PA-NJ Metro Area",10900,Metropolitan Statistical Area,866764,PA-NJ,PA,Pennsylvania
"Altoona, PA Metro Area",11020,Metropolitan Statistical Area,121854,PA,PA,Pennsylvania
"Amarillo, TX Metro Area",11100,Metropolitan Statistical Area,270207,TX,TX,Texas
"Ames, IA Metro Area",11180,Metropolitan Statistical Area,125261,IA,IA,Iowa
"Amherst Town-Northampton, MA Metro Area",11200,Metropolitan Statistical Area,156595,MA,MA,Massachusetts
"Anchorage, AK Metro Area",11260,Metropolitan Statistical Area,399746,AK,AK,Alaska
"Ann Arbor, MI Metro Area",11460,Metropolitan Statistical Area,368394,MI,MI,Michigan
"Anniston-Oxford, AL Metro Area",11500,Metropolitan Statistical Area,116141,AL,AL,Alabama
"Appleton, WI Metro Area",11540,Metropolitan Statistical Area,244163,WI,WI,Wisconsin
"Arecibo, PR Metro Area",11640,Metropolitan Statistical Area,181380,PR,PR,Puerto Rico
"Asheville, NC Metro Area",11700,Metropolitan Statistical Area,410817,NC,NC,North Carolina
"Athens-Clarke County, GA Metro Area",12020,Metropolitan Statistical Area,218190,GA,GA,Georgia
"Atlanta-Sandy Springs-Roswell, GA Metro Area",12060,Metropolitan Statistical Area,6176937,GA,GA,Georgia
"Atlantic City-Hammonton, NJ Metro Area",12100,Metropolitan Statistical Area,369940,NJ,NJ,New Jersey
"Auburn-Opelika, AL Metro Area",12220,Metropolitan Statistical Area,196614,AL,AL,Alabama
"Augusta-Richmond County, GA-SC Metro Area",12260,Metropolitan Statistical Area,618022,GA-SC,GA,Georgia
"Austin-Round Rock-San Marcos, TX Metro Area",12420,Metropolitan Statistical Area,2357497,TX,TX,Texas
"Bakersfield-Delano, CA Metro Area",12540,Metropolitan Statistical Area,910433,CA,CA,California
"Baltimore-Columbia-Towson, MD Metro Area",12580,Metropolitan Statistical Area,2839409,MD,MD,Maryland
"Bangor, ME Metro Area",12620,Metropolitan Statistical Area,153571,ME,ME,Maine
"Barnstable Town, MA Metro Area",12700,Metropolitan Statistical Area,230073,MA,MA,Massachusetts
"Baton Rouge, LA Metro Area",12940,Metropolitan Statistical Area,871379,LA,LA,Louisiana
"Battle Creek, MI Metro Area",12980,Metropolitan Statistical Area,133846,MI,MI,Michigan
"Bay City, MI Metro Area",13020,Metropolitan Statistical Area,103235,MI,MI,Michigan
"Beaumont-Port Arthur, TX Metro Area",13140,Metropolitan Statistical Area,396058,TX,TX,Texas
"Beckley, WV Metro Area",13220,Metropolitan Statistical Area,113653,WV,WV,West Virginia
"Bellingham, WA Metro Area",13380,Metropolitan Statistical Area,228432,WA,WA,Washington
"Bend, OR Metro Area",13460,Metropolitan Statistical Area,253650,OR,OR,Oregon
"Billings, MT Metro Area",13740,Metropolitan Statistical Area,187269,MT,MT,Montana
"Binghamton, NY Metro Area",13780,Metropolitan Statistical Area,245844,NY,NY,New York
"Birmingham, AL Metro Area",13820,Metropolitan Statistical Area,1181432,AL,AL,Alabama
"Bismarck, ND Metro Area",13900,Metropolitan Statistical Area,134286,ND,ND,North Dakota
"Blacksburg-Christiansburg-Radford, VA Metro Area",13980,Metropolitan Statistical Area,181605,VA,VA,Virginia
"Bloomington, IL Metro Area",14010,Metropolitan Statistical Area,170882,IL,IL,Illinois
"Bloomington, IN Metro Area",14020,Metropolitan Statistical Area,161256,IN,IN,Indiana
"Boise City, ID Metro Area",14260,Metropolitan Statistical Area,790640,ID,ID,Idaho
"Boston-Cambridge-Newton, MA-NH Metro Area",14460,Metropolitan Statistical Area,4917661,MA-NH,MA,Massachusetts
"Boulder, CO Metro Area",14500,Metropolitan Statistical Area,328317,CO,CO,Colorado
"Bowling Green, KY Metro Area",14540,Metropolitan Statistical Area,183194,KY,KY,Kentucky
"Bozeman, MT Metro Area",14580,Metropolitan Statistical Area,122194,MT,MT,Montana
"Bremerton-Silverdale-Port Orchard, WA Metro Area",14740,Metropolitan Statistical Area,276581,WA,WA,Washington
"Bridgeport-Stamford-Danbury, CT Metro Area",14860,Metropolitan Statistical Area,947528,CT,CT,Connecticut
"Brownsville-Harlingen, TX Metro Area",15180,Metropolitan Statistical Area,423192,TX,TX,Texas
"Brunswick-St. Simons, GA Metro Area",15260,Metropolitan Statistical Area,114345,GA,GA,Georgia
"Buffalo-Cheektowaga, NY Metro Area",15380,Metropolitan Statistical Area,1161385,NY,NY,New York
"Burlington, NC Metro Area",15500,Metropolitan Statistical Area,174286,NC,NC,North Carolina
"Burlington-South Burlington, VT Metro Area",15540,Metropolitan Statistical Area,226603,VT,VT,Vermont
"Canton-Massillon, OH Metro Area",15940,Metropolitan Statistical Area,400495,OH,OH,Ohio
"Cape Coral-Fort Myers, FL Metro Area",15980,Metropolitan Statistical Area,792692,FL,FL,Florida
"Cape Girardeau, MO-IL Metro Area",16020,Metropolitan Statistical Area,97813,MO-IL,MO,Missouri
"Carson City, NV Metro Area",16180,Metropolitan Statistical Area,58364,NV,NV,Nevada
"Casper, WY Metro Area",16220,Metropolitan Statistical Area,79735,WY,WY,Wyoming
"Cedar Rapids, IA Metro Area",16300,Metropolitan Statistical Area,275960,IA,IA,Iowa
"Chambersburg, PA Metro Area",16540,Metropolitan Statistical Area,156626,PA,PA,Pennsylvania
"Champaign-Urbana, IL Metro Area",16580,Metropolitan Statistical Area,236196,IL,IL,Illinois
"Charleston, WV Metro Area",16620,Metropolitan Statistical Area,207456,WV,WV,West Virginia
"Charleston-North Charleston, SC Metro Area",16700,Metropolitan Statistical Area,817756,SC,SC,South Carolina
"Charlotte-Concord-Gastonia, NC-SC Metro Area",16740,Metropolitan Statistical Area,2712818,NC-SC,NC,North Carolina
"Charlottesville, VA Metro Area",16820,Metropolitan Statistical Area,222937,VA,VA,Virginia
"Chattanooga, TN-GA Metro Area",16860,Metropolitan Statistical Area,569333,TN-GA,TN,Tennessee
"Cheyenne, WY Metro Area",16940,Metropolitan Statistical Area,100661,WY,WY,Wyoming
"Chicago-Naperville-Elgin, IL-IN Metro Area",16980,Metropolitan Statistical Area,9359555,IL-IN,IL,Illinois
"Chico, CA Metro Area",17020,Metropolitan Statistical Area,209470,CA,CA,California
"Cincinnati, OH-KY-IN Metro Area",17140,Metropolitan Statistical Area,2255257,OH-KY-IN,OH,Ohio
"Clarksville, TN-KY Metro Area",17300,Metropolitan Statistical Area,328626,TN-KY,TN,Tennessee
"Cleveland, OH Metro Area",17410,Metropolitan Statistical Area,2171978,OH,OH,Ohio
"Cleveland, TN Metro Area",17420,Metropolitan Statistical Area,127445,TN,TN,Tennessee
"Coeur d'Alene, ID Metro Area",17660,Metropolitan Statistical Area,177736,ID,ID,Idaho
"College Station-Bryan, TX Metro Area",17780,Metropolitan Statistical Area,273280,TX,TX,Texas
"Colorado Springs, CO Metro Area",17820,Metropolitan Statistical Area,760782,CO,CO,Colorado
"Columbia, MO Metro Area",17860,Metropolitan Statistical Area,212850,MO,MO,Missouri
"Columbia, SC Metro Area",17900,Metropolitan Statistical Area,839868,SC,SC,South Carolina
"Columbus, GA-AL Metro Area",17980,Metropolitan Statistical Area,326136,GA-AL,GA,Georgia
"Columbus, IN Metro Area",18020,Metropolitan Statistical Area,82881,IN,IN,Indiana
"Columbus, OH Metro Area",18140,Metropolitan Statistical Area,2151847,OH,OH,Ohio
"Corpus Christi, TX Metro Area",18580,Metropolitan Statistical Area,446797,TX,TX,Texas
"Corvallis, OR Metro Area",18700,Metropolitan Statistical Area,96359,OR,OR,Oregon
"Crestview-Fort Walton Beach-Destin, FL Metro Area",18880,Metropolitan Statistical Area,294127,FL,FL,Florida
"Dallas-Fort Worth-Arlington, TX Metro Area",19100,Metropolitan Statistical Area,7807555,TX,TX,Texas
"Dalton, GA Metro Area",19140,Metropolitan Statistical Area,143400,GA,GA,Georgia
"Daphne-Fairhope-Foley, AL Metro Area",19300,Metropolitan Statistical Area,239945,AL,AL,Alabama
"Davenport-Moline-Rock Island, IA-IL Metro Area",19340,Metropolitan Statistical Area,381864,IA-IL,IA,Iowa
"Dayton-Kettering-Beavercreek, OH Metro Area",19430,Metropolitan Statistical Area,813608,OH,OH,Ohio
"Decatur, AL Metro Area",19460,Metropolitan Statistical Area,156924,AL,AL,Alabama
"Decatur, IL Metro Area",19500,Metropolitan Statistical Area,102591,IL,IL,Illinois
"Deltona-Daytona Beach-Ormond Beach, FL Metro Area",19660,Metropolitan Statistical Area,689939,FL,FL,Florida
"Denver-Aurora-Centennial, CO Metro Area",19740,Metropolitan Statistical Area,2977085,CO,CO,Colorado
"Des Moines-West Des Moines, IA Metro Area",19780,Metropolitan Statistical Area,720331,IA,IA,Iowa
"Detroit-Warren-Dearborn, MI Metro Area",19820,Metropolitan Statistical Area,4367620,MI,MI,Michigan
"Dothan, AL Metro Area",20020,Metropolitan Statistical Area,151804,AL,AL,Alabama
"Dover, DE Metro Area",20100,Metropolitan Statistical Area,185043,DE,DE,Delaware
"Dubuque, IA Metro Area",20220,Metropolitan Statistical Area,98948,IA,IA,Iowa
"Duluth, MN-WI Metro Area",20260,Metropolitan Statistical Area,280710,MN-WI,MN,Minnesota
"Durham-Chapel Hill, NC Metro Area",20500,Metropolitan Statistical Area,594291,NC,NC,North Carolina
"Eagle Pass, TX Metro Area",20580,Metropolitan Statistical Area,57770,TX,TX,Texas
"Eau Claire, WI Metro Area",20740,Metropolitan Statistical Area,172886,WI,WI,Wisconsin
"El Centro, CA Metro Area",20940,Metropolitan Statistical Area,179319,CA,CA,California
"Elizabethtown, KY Metro Area",21060,Metropolitan Statistical Area,126480,KY,KY,Kentucky
"Elkhart-Goshen, IN Metro Area",21140,Metropolitan Statistical Area,206868,IN,IN,Indiana
"Elmira, NY Metro Area",21300,Metropolitan Statistical Area,82805,NY,NY,New York
"El Paso, TX Metro Area",21340,Metropolitan Statistical Area,869606,TX,TX,Texas
"Enid, OK Metro Area",21420,Metropolitan Statistical Area,62322,OK,OK,Oklahoma
"Erie, PA Metro Area",21500,Metropolitan Statistical Area,269544,PA,PA,Pennsylvania
"Eugene-Springfield, OR Metro Area",21660,Metropolitan Statistical Area,382628,OR,OR,Oregon
"Evansville, IN Metro Area",21780,Metropolitan Statistical Area,269721,IN,IN,Indiana
"Fairbanks-College, AK Metro Area",21820,Metropolitan Statistical Area,95555,AK,AK,Alaska
"Fargo, ND-MN Metro Area",22020,Metropolitan Statistical Area,254914,ND-MN,ND,North Dakota
"Farmington, NM Metro Area",22140,Metropolitan Statistical Area,121178,NM,NM,New Mexico
"Fayetteville, NC Metro Area",22180,Metropolitan Statistical Area,389851,NC,NC,North Carolina
"Fayetteville-Springdale-Rogers, AR Metro Area",22220,Metropolitan Statistical Area,563436,AR,AR,Arkansas
"Flagstaff, AZ Metro Area",22380,Metropolitan Statistical Area,144643,AZ,AZ,Arizona
"Flint, MI Metro Area",22420,Metropolitan Statistical Area,404087,MI,MI,Michigan
"Florence, SC Metro Area",22500,Metropolitan Statistical Area,199675,SC,SC,South Carolina
"Florence-Muscle Shoals, AL Metro Area",22520,Metropolitan Statistical Area,152685,AL,AL,Alabama
"Fond du Lac, WI Metro Area",22540,Metropolitan Statistical Area,104053,WI,WI,Wisconsin
"Fort Collins-Loveland, CO Metro Area",22660,Metropolitan Statistical Area,363561,CO,CO,Colorado
"Fort Smith, AR-OK Metro Area",22900,Metropolitan Statistical Area,228916,AR-OK,AR,Arkansas
"Fort Wayne, IN Metro Area",23060,Metropolitan Statistical Area,451440,IN,IN,Indiana
"Fresno, CA Metro Area",23420,Metropolitan Statistical Area,1170942,CA,CA,California
"Gadsden, AL Metro Area",23460,Metropolitan Statistical Area,103208,AL,AL,Alabama
"Gainesville, FL Metro Area",23540,Metropolitan Statistical Area,344521,FL,FL,Florida
"Gainesville, GA Metro Area",23580,Metropolitan Statistical Area,208395,GA,GA,Georgia
"Gettysburg, PA Metro Area",23900,Metropolitan Statistical Area,105183,PA,PA,Pennsylvania
"Glens Falls, NY Metro Area",24020,Metropolitan Statistical Area,126443,NY,NY,New York
"Goldsboro, NC Metro Area",24140,Metropolitan Statistical Area,117606,NC,NC,North Carolina
"Grand Forks, ND-MN Metro Area",24220,Metropolitan Statistical Area,103669,ND-MN,ND,North Dakota
"Grand Island, NE Metro Area",24260,Metropolitan Statistical Area,76619,NE,NE,Nebraska
"Grand Junction, CO Metro Area",24300,Metropolitan Statistical Area,157316,CO,CO,Colorado
"Grand Rapids-Wyoming-Kentwood, MI Metro Area",24340,Metropolitan Statistical Area,1154320,MI,MI,Michigan
"Grants Pass, OR Metro Area",24420,Metropolitan Statistical Area,88069,OR,OR,Oregon
"Great Falls, MT Metro Area",24500,Metropolitan Statistical Area,84601,MT,MT,Montana
"Greeley, CO Metro Area",24540,Metropolitan Statistical Area,340711,CO,CO,Colorado
"Green Bay, WI Metro Area",24580,Metropolitan Statistical Area,329375,WI,WI,Wisconsin
"Greensboro-High Point, NC Metro Area",24660,Metropolitan Statistical Area,779894,NC,NC,North Carolina
"Greenville, NC Metro Area",24780,Metropolitan Statistical Area,172279,NC,NC,North Carolina
"Greenville-Anderson-Greer, SC Metro Area",24860,Metropolitan Statistical Area,945301,SC,SC,South Carolina
"Guayama, PR Metro Area",25020,Metropolitan Statistical Area,67171,PR,PR,Puerto Rico
"Gulfport-Biloxi, MS Metro Area",25060,Metropolitan Statistical Area,418452,MS,MS,Mississippi
"Hagerstown-Martinsburg, MD-WV Metro Area",25180,Metropolitan Statistical Area,298525,MD-WV,MD,Maryland
"Hammond, LA Metro Area",25220,Metropolitan Statistical Area,135218,LA,LA,Louisiana
"Hanford-Corcoran, CA Metro Area",25260,Metropolitan Statistical Area,152830,CA,CA,California
"Harrisburg-Carlisle, PA Metro Area",25420,Metropolitan Statistical Area,597894,PA,PA,Pennsylvania
"Harrisonburg, VA Metro Area",25500,Metropolitan Statistical Area,136231,VA,VA,Virginia
"Hartford-West Hartford-East Hartford, CT Metro Area",25540,Metropolitan Statistical Area,1144012,CT,CT,Connecticut
"Hattiesburg, MS Metro Area",25620,Metropolitan Statistical Area,154567,MS,MS,Mississippi
"Helena, MT Metro Area",25740,Metropolitan Statistical Area,92391,MT,MT,Montana
"Hickory-Lenoir-Morganton, NC Metro Area",25860,Metropolitan Statistical Area,366972,NC,NC,North Carolina
"Hilton Head Island-Bluffton-Port Royal, SC Metro Area",25940,Metropolitan Statistical Area,222781,SC,SC,South Carolina
"Hinesville, GA Metro Area",25980,Metropolitan Statistical Area,84338,GA,GA,Georgia
"Homosassa Springs, FL Metro Area",26140,Metropolitan Statistical Area,158693,FL,FL,Florida
"Hot Springs, AR Metro Area",26300,Metropolitan Statistical Area,100062,AR,AR,Arkansas
"Houma-Bayou Cane-Thibodaux, LA Metro Area",26380,Metropolitan Statistical Area,204032,LA,LA,Louisiana
"Houston-Pasadena-The Woodlands, TX Metro Area",26420,Metropolitan Statistical Area,7274714,TX,TX,Texas
"Huntington-Ashland, WV-KY-OH Metro Area",26580,Metropolitan Statistical Area,372801,WV-KY-OH,WV,West Virginia
"Huntsville, AL Metro Area",26620,Metropolitan Statistical Area,504712,AL,AL,Alabama
"Idaho Falls, ID Metro Area",26820,Metropolitan Statistical Area,161944,ID,ID,Idaho
"Indianapolis-Carmel-Greenwood, IN Metro Area",26900,Metropolitan Statistical Area,2106327,IN,IN,Indiana
"Iowa City, IA Metro Area",26980,Metropolitan Statistical Area,177420,IA,IA,Iowa
"Ithaca, NY Metro Area",27060,Metropolitan Statistical Area,102879,NY,NY,New York
"Jackson, MI Metro Area",27100,Metropolitan Statistical Area,160187,MI,MI,Michigan
"Jackson, MS Metro Area",27140,Metropolitan Statistical Area,615908,MS,MS,Mississippi
"Jackson, TN Metro Area",27180,Metropolitan Statistical Area,180844,TN,TN,Tennessee
"Jacksonville, FL Metro Area",27260,Metropolitan Statistical Area,1645707,FL,FL,Florida
"Jacksonville, NC Metro Area",27340,Metropolitan Statistical Area,208537,NC,NC,North Carolina
"Janesville-Beloit, WI Metro Area",27500,Metropolitan Statistical Area,163944,WI,WI,Wisconsin
"Jefferson City, MO Metro Area",27620,Metropolitan Statistical Area,150147,MO,MO,Missouri
"Johnson City, TN Metro Area",27740,Metropolitan Statistical Area,208934,TN,TN,Tennessee
"Johnstown, PA Metro Area",27780,Metropolitan Statistical Area,132355,PA,PA,Pennsylvania
"Jonesboro, AR Metro Area",27860,Metropolitan Statistical Area,134837,AR,AR,Arkansas
"Joplin, MO-KS Metro Area",27900,Metropolitan Statistical Area,202258,MO-KS,MO,Missouri
"Kahului-Wailuku, HI Metro Area",27980,Metropolitan Statistical Area,164675,HI,HI,Hawaii
"Kalamazoo-Portage, MI Metro Area",28020,Metropolitan Statistical Area,261437,MI,MI,Michigan
"Kankakee, IL Metro Area",28100,Metropolitan Statistical Area,106833,IL,IL,Illinois
"Kansas City, MO-KS Metro Area",28140,Metropolitan Statistical Area,2202006,MO-KS,MO,Missouri
"Kennewick-Richland, WA Metro Area",28420,Metropolitan Statistical Area,307900,WA,WA,Washington
"Kenosha, WI Metro Area",28450,Metropolitan Statistical Area,168413,WI,WI,Wisconsin
"Killeen-Temple, TX Metro Area",28660,Metropolitan Statistical Area,485850,TX,TX,Texas
"Kingsport-Bristol, TN-VA Metro Area",28700,Metropolitan Statistical Area,309580,TN-VA,TN,Tennessee
"Kingston, NY Metro Area",28740,Metropolitan Statistical Area,182109,NY,NY,New York
"Kiryas Joel-Poughkeepsie-Newburgh, NY Metro Area",28880,Metropolitan Statistical Area,700984,NY,NY,New York
"Knoxville, TN Metro Area",28940,Metropolitan Statistical Area,919553,TN,TN,Tennessee
"Kokomo, IN Metro Area",29020,Metropolitan Statistical Area,83610,IN,IN,Indiana
"La Crosse-Onalaska, WI-MN Metro Area",29100,Metropolitan Statistical Area,169945,WI-MN,WI,Wisconsin
"Lafayette, LA Metro Area",29180,Metropolitan Statistical Area,410883,LA,LA,Louisiana
"Lafayette-West Lafayette, IN Metro Area",29200,Metropolitan Statistical Area,225019,IN,IN,Indiana
"Lake Charles, LA Metro Area",29340,Metropolitan Statistical Area,245973,LA,LA,Louisiana
"Lake Havasu City-Kingman, AZ Metro Area",29420,Metropolitan Statistical Area,217420,AZ,AZ,Arizona
"Lakeland-Winter Haven, FL Metro Area",29460,Metropolitan Statistical Area,760961,FL,FL,Florida
"Lancaster, PA Metro Area",29540,Metropolitan Statistical Area,555151,PA,PA,Pennsylvania
"Lansing-East Lansing, MI Metro Area",29620,Metropolitan Statistical Area,470434,MI,MI,Michigan
"Laredo, TX Metro Area",29700,Metropolitan Statistical Area,267731,TX,TX,Texas
"Las Cruces, NM Metro Area",29740,Metropolitan Statistical Area,221665,NM,NM,New Mexico
"Las Vegas-Henderson-North Las Vegas, NV Metro Area",29820,Metropolitan Statistical Area,2293764,NV,NV,Nevada
"Lawrence, KS Metro Area",29940,Metropolitan Statistical Area,119547,KS,KS,Kansas
"Lawton, OK Metro Area",30020,Metropolitan Statistical Area,127174,OK,OK,Oklahoma
"Lebanon, PA Metro Area",30140,Metropolitan Statistical Area,143592,PA,PA,Pennsylvania
"Lewiston, ID-WA Metro Area",30300,Metropolitan Statistical Area,64901,ID-WA,ID,Idaho
"Lewiston-Auburn, ME Metro Area",30340,Metropolitan Statistical Area,112323,ME,ME,Maine
"Lexington-Fayette, KY Metro Area",30460,Metropolitan Statistical Area,517378,KY,KY,Kentucky
"Lexington Park, MD Metro Area",30500,Metropolitan Statistical Area,208163,MD,MD,Maryland
"Lima, OH Metro Area",30620,Metropolitan Statistical Area,101685,OH,OH,Ohio
"Lincoln, NE Metro Area",30700,Metropolitan Statistical Area,341309,NE,NE,Nebraska
"Little Rock-North Little Rock-Conway, AR Metro Area",30780,Metropolitan Statistical Area,753605,AR,AR,Arkansas
"Logan, UT-ID Metro Area",30860,Metropolitan Statistical Area,151746,UT-ID,UT,Utah
"Longview, TX Metro Area",30980,Metropolitan Statistical Area,288921,TX,TX,Texas
"Longview-Kelso, WA Metro Area",31020,Metropolitan Statistical Area,111539,WA,WA,Washington
"Los Angeles-Long Beach-Anaheim, CA Metro Area",31080,Metropolitan Statistical Area,13012469,CA,CA,California
"Louisville/Jefferson County, KY-IN Metro Area",31140,Metropolitan Statistical Area,1361847,KY-IN,KY,Kentucky
"Lubbock, TX Metro Area",31180,Metropolitan Statistical Area,354782,TX,TX,Texas
"Lynchburg, VA Metro Area",31340,Metropolitan Statistical Area,262716,VA,VA,Virginia
"Macon-Bibb County, GA Metro Area",31420,Metropolitan Statistical Area,234040,GA,GA,Georgia
"Madison, WI Metro Area",31540,Metropolitan Statistical Area,683967,WI,WI,Wisconsin
"Manchester-Nashua, NH Metro Area",31700,Metropolitan Statistical Area,424732,NH,NH,New Hampshire
"Manhattan, KS Metro Area",31740,Metropolitan Statistical Area,133413,KS,KS,Kansas
"Mankato, MN Metro Area",31860,Metropolitan Statistical Area,103736,MN,MN,Minnesota
"Mansfield, OH Metro Area",31900,Metropolitan Statistical Area,125138,OH,OH,Ohio
"Mayagüez, PR Metro Area",32420,Metropolitan Statistical Area,211487,PR,PR,Puerto Rico
"McAllen-Edinburg-Mission, TX Metro Area",32580,Metropolitan Statistical Area,880921,TX,TX,Texas
"Medford, OR Metro Area",32780,Metropolitan Statistical Area,222563,OR,OR,Oregon
"Memphis, TN-MS-AR Metro Area",32820,Metropolitan Statistical Area,1341606,TN-MS-AR,TN,Tennessee
"Merced, CA Metro Area",32900,Metropolitan Statistical Area,285597,CA,CA,California
"Miami-Fort Lauderdale-West Palm Beach, FL Metro Area",33100,Metropolitan Statistical Area,6138876,FL,FL,Florida
"Michigan City-La Porte, IN Metro Area",33140,Metropolitan Statistical Area,112141,IN,IN,Indiana
"Midland, MI Metro Area",33220,Metropolitan Statistical Area,83641,MI,MI,Michigan
"Midland, TX Metro Area",33260,Metropolitan Statistical Area,176726,TX,TX,Texas
"Milwaukee-Waukesha, WI Metro Area",33340,Metropolitan Statistical Area,1566361,WI,WI,Wisconsin
"Minneapolis-St. Paul-Bloomington, MN-WI Metro Area",33460,Metropolitan Statistical Area,3693351,MN-WI,MN,Minnesota
"Minot, ND Metro Area",33500,Metropolitan Statistical Area,76773,ND,ND,North Dakota
"Missoula, MT Metro Area",33540,Metropolitan Statistical Area,124435,MT,MT,Montana
"Mobile, AL Metro Area",33660,Metropolitan Statistical Area,413162,AL,AL,Alabama
"Modesto, CA Metro Area",33700,Metropolitan Statistical Area,552250,CA,CA,California
"Monroe, LA Metro Area",33740,Metropolitan Statistical Area,224705,LA,LA,Louisiana
"Monroe, MI Metro Area",33780,Metropolitan Statistical Area,155001,MI,MI,Michigan
"Montgomery, AL Metro Area",33860,Metropolitan Statistical Area,385159,AL,AL,Alabama
"Morgantown, WV Metro Area",34060,Metropolitan Statistical Area,140724,WV,WV,West Virginia
"Morristown, TN Metro Area",34100,Metropolitan Statistical Area,120765,TN,TN,Tennessee
"Mount Vernon-Anacortes, WA Metro Area",34580,Metropolitan Statistical Area,130407,WA,WA,Washington
"Muncie, IN Metro Area",34620,Metropolitan Statistical Area,112109,IN,IN,Indiana
"Muskegon-Norton Shores, MI Metro Area",34740,Metropolitan Statistical Area,175378,MI,MI,Michigan
"Myrtle Beach-Conway-North Myrtle Beach, SC Metro Area",34820,Metropolitan Statistical Area,368937,SC,SC,South Carolina
"Napa, CA Metro Area",34900,Metropolitan Statistical Area,136070,CA,CA,California
"Naples-Marco Island, FL Metro Area",34940,Metropolitan Statistical Area,387681,FL,FL,Florida
"Nashville-Davidson--Murfreesboro--Franklin, TN Metro Area",34980,Metropolitan Statistical Area,2043713,TN,TN,Tennessee
"New Haven, CT Metro Area",35300,Metropolitan Statistical Area,566803,CT,CT,Connecticut
"New Orleans-Metairie, LA Metro Area",35380,Metropolitan Statistical Area,988763,LA,LA,Louisiana
"New York-Newark-Jersey City, NY-NJ Metro Area",35620,Metropolitan Statistical Area,19756722,NY-NJ,NY,New York
"Niles, MI Metro Area",35660,Metropolitan Statistical Area,153411,MI,MI,Michigan
"North Port-Bradenton-Sarasota, FL Metro Area",35840,Metropolitan Statistical Area,865031,FL,FL,Florida
"Norwich-New London-Willimantic, CT Metro Area",35980,Metropolitan Statistical Area,279025,CT,CT,Connecticut
"Ocala, FL Metro Area",36100,Metropolitan Statistical Area,387697,FL,FL,Florida
"Odessa, TX Metro Area",36220,Metropolitan Statistical Area,163206,TX,TX,Texas
"Ogden, UT Metro Area",36260,Metropolitan Statistical Area,645510,UT,UT,Utah
"Oklahoma City, OK Metro Area",36420,Metropolitan Statistical Area,1445122,OK,OK,Oklahoma
"Olympia-Lacey-Tumwater, WA Metro Area",36500,Metropolitan Statistical Area,296640,WA,WA,Washington
"Omaha, NE-IA Metro Area",36540,Metropolitan Statistical Area,972840,NE-IA,NE,Nebraska
"Orlando-Kissimmee-Sanford, FL Metro Area",36740,Metropolitan Statistical Area,2721022,FL,FL,Florida
"Oshkosh-Neenah, WI Metro Area",36780,Metropolitan Statistical Area,171357,WI,WI,Wisconsin
"Owensboro, KY Metro Area",36980,Metropolitan Statistical Area,112322,KY,KY,Kentucky
"Oxnard-Thousand Oaks-Ventura, CA Metro Area",37100,Metropolitan Statistical Area,838259,CA,CA,California
"Paducah, KY-IL Metro Area",37140,Metropolitan Statistical Area,102924,KY-IL,KY,Kentucky
"Palm Bay-Melbourne-Titusville, FL Metro Area",37340,Metropolitan Statistical Area,620533,FL,FL,Florida
"Panama City-Panama City Beach, FL Metro Area",37460,Metropolitan Statistical Area,206627,FL,FL,Florida
"Parkersburg-Vienna, WV Metro Area",37620,Metropolitan Statistical Area,88960,WV,WV,West Virginia
"Pensacola-Ferry Pass-Brent, FL Metro Area",37860,Metropolitan Statistical Area,516994,FL,FL,Florida
"Peoria, IL Metro Area",37900,Metropolitan Statistical Area,365773,IL,IL,Illinois
"Philadelphia-Camden-Wilmington, PA-NJ-DE-MD Metro Area",37980,Metropolitan Statistical Area,6241882,PA-NJ-DE-MD,PA,Pennsylvania
"Phoenix-Mesa-Chandler, AZ Metro Area",38060,Metropolitan Statistical Area,4941206,AZ,AZ,Arizona
"Pinehurst-Southern Pines, NC Metro Area",38240,Metropolitan Statistical Area,102840,NC,NC,North Carolina
"Pittsburgh, PA Metro Area",38300,Metropolitan Statistical Area,2443921,PA,PA,Pennsylvania
"Pittsfield, MA Metro Area",38340,Metropolitan Statistical Area,128047,MA,MA,Massachusetts
"Pocatello, ID Metro Area",38540,Metropolitan Statistical Area,88457,ID,ID,Idaho
"Ponce, PR Metro Area",38660,Metropolitan Statistical Area,273739,PR,PR,Puerto Rico
"Portland-South Portland, ME Metro Area",38860,Metropolitan Statistical Area,557764,ME,ME,Maine
"Portland-Vancouver-Hillsboro, OR-WA Metro Area",38900,Metropolitan Statistical Area,2510529,OR-WA,OR,Oregon
"Port St. Lucie, FL Metro Area",38940,Metropolitan Statistical Area,506701,FL,FL,Florida
"Prescott Valley-Prescott, AZ Metro Area",39150,Metropolitan Statistical Area,241656,AZ,AZ,Arizona
"Providence-Warwick, RI-MA Metro Area",39300,Metropolitan Statistical Area,1673807,RI-MA,RI,Rhode Island
"Provo-Orem-Lehi, UT Metro Area",39340,Metropolitan Statistical Area,695895,UT,UT,Utah
"Pueblo, CO Metro Area",39380,Metropolitan Statistical Area,168726,CO,CO,Colorado
"Punta Gorda, FL Metro Area",39460,Metropolitan Statistical Area,195083,FL,FL,Florida
"Racine-Mount Pleasant, WI Metro Area",39540,Metropolitan Statistical Area,196888,WI,WI,Wisconsin
"Raleigh-Cary, NC Metro Area",39580,Metropolitan Statistical Area,1449594,NC,NC,North Carolina
"Rapid City, SD Metro Area",39660,Metropolitan Statistical Area,151064,SD,SD,South Dakota
"Reading, PA Metro Area",39740,Metropolitan Statistical Area,429989,PA,PA,Pennsylvania
"Redding, CA Metro Area",39820,Metropolitan Statistical Area,181554,CA,CA,California
"Reno, NV Metro Area",39900,Metropolitan Statistical Area,556539,NV,NV,Nevada
"Richmond, VA Metro Area",40060,Metropolitan Statistical Area,1327321,VA,VA,Virginia
"Riverside-San Bernardino-Ontario, CA Metro Area",40140,Metropolitan Statistical Area,4637725,CA,CA,California
"Roanoke, VA Metro Area",40220,Metropolitan Statistical Area,314661,VA,VA,Virginia
"Rochester, MN Metro Area",40340,Metropolitan Statistical Area,227252,MN,MN,Minnesota
"Rochester, NY Metro Area",40380,Metropolitan Statistical Area,1058875,NY,NY,New York
"Rockford, IL Metro Area",40420,Metropolitan Statistical Area,336605,IL,IL,Illinois
"Rocky Mount, NC Metro Area",40580,Metropolitan Statistical Area,144228,NC,NC,North Carolina
"Rome, GA Metro Area",40660,Metropolitan Statistical Area,98985,GA,GA,Georgia
"Sacramento-Roseville-Folsom, CA Metro Area",40900,Metropolitan Statistical Area,2406563,CA,CA,California
"Saginaw, MI Metro Area",40980,Metropolitan Statistical Area,189210,MI,MI,Michigan
"St. Cloud, MN Metro Area",41060,Metropolitan Statistical Area,200816,MN,MN,Minnesota
"St. George, UT Metro Area",41100,Metropolitan Statistical Area,189827,UT,UT,Utah
"St. Joseph, MO-KS Metro Area",41140,Metropolitan Statistical Area,120609,MO-KS,MO,Missouri
"St. Louis, MO-IL Metro Area",41180,Metropolitan Statistical Area,2809414,MO-IL,MO,Missouri
"Salem, OR Metro Area",41420,Metropolitan Statistical Area,435085,OR,OR,Oregon
"Salinas, CA Metro Area",41500,Metropolitan Statistical Area,435834,CA,CA,California
"Salisbury, MD Metro Area",41540,Metropolitan Statistical Area,128802,MD,MD,Maryland
"Salt Lake City-Murray, UT Metro Area",41620,Metropolitan Statistical Area,1261337,UT,UT,Utah
"San Angelo, TX Metro Area",41660,Metropolitan Statistical Area,120830,TX,TX,Texas
"San Antonio-New Braunfels, TX Metro Area",41700,Metropolitan Statistical Area,2612802,TX,TX,Texas
"San Diego-Chula Vista-Carlsbad, CA Metro Area",41740,Metropolitan Statistical Area,3282782,CA,CA,California
"Sandusky, OH Metro Area",41780,Metropolitan Statistical Area,115099,OH,OH,Ohio
"San Francisco-Oakland-Fremont, CA Metro Area",41860,Metropolitan Statistical Area,4653593,CA,CA,California
"San Jose-Sunnyvale-Santa Clara, CA Metro Area",41940,Metropolitan Statistical Area,1969353,CA,CA,California
"San Juan-Bayamón-Caguas, PR Metro Area",41980,Metropolitan Statistical Area,2063795,PR,PR,Puerto Rico
"San Luis Obispo-Paso Robles, CA Metro Area",42020,Metropolitan Statistical Area,281486,CA,CA,California
"Santa Cruz-Watsonville, CA Metro Area",42100,Metropolitan Statistical Area,266021,CA,CA,California
"Santa Fe, NM Metro Area",42140,Metropolitan Statistical Area,155175,NM,NM,New Mexico
"Santa Maria-Santa Barbara, CA Metro Area",42200,Metropolitan Statistical Area,443975,CA,CA,California
"Santa Rosa-Petaluma, CA Metro Area",42220,Metropolitan Statistical Area,485642,CA,CA,California
"Savannah, GA Metro Area",42340,Metropolitan Statistical Area,412089,GA,GA,Georgia
"Scranton--Wilkes-Barre, PA Metro Area",42540,Metropolitan Statistical Area,567887,PA,PA,Pennsylvania
"Seattle-Tacoma-Bellevue, WA Metro Area",42660,Metropolitan Statistical Area,4021467,WA,WA,Washington
"Sebastian-Vero Beach-West Vero Corridor, FL Metro Area",42680,Metropolitan Statistical Area,163856,FL,FL,Florida
"Sebring, FL Metro Area",42700,Metropolitan Statistical Area,103808,FL,FL,Florida
"Sheboygan, WI Metro Area",43100,Metropolitan Statistical Area,117783,WI,WI,Wisconsin
"Sherman-Denison, TX Metro Area",43300,Metropolitan Statistical Area,139988,TX,TX,Texas
"Shreveport-Bossier City, LA Metro Area",43340,Metropolitan Statistical Area,389004,LA,LA,Louisiana
"Sierra Vista-Douglas, AZ Metro Area",43420,Metropolitan Statistical Area,125458,AZ,AZ,Arizona
"Sioux City, IA-NE-SD Metro Area",43580,Metropolitan Statistical Area,144007,IA-NE-SD,IA,Iowa
"Sioux Falls, SD-MN Metro Area",43620,Metropolitan Statistical Area,293107,SD-MN,SD,South Dakota
"Slidell-Mandeville-Covington, LA Metro Area",43640,Metropolitan Statistical Area,269331,LA,LA,Louisiana
"South Bend-Mishawaka, IN-MI Metro Area",43780,Metropolitan Statistical Area,324180,IN-MI,IN,Indiana
"Spartanburg, SC Metro Area",43900,Metropolitan Statistical Area,365086,SC,SC,South Carolina
"Spokane-Spokane Valley, WA Metro Area",44060,Metropolitan Statistical Area,591793,WA,WA,Washington
"Springfield, IL Metro Area",44100,Metropolitan Statistical Area,207386,IL,IL,Illinois
"Springfield, MA Metro Area",44140,Metropolitan Statistical Area,462853,MA,MA,Massachusetts
"Springfield, MO Metro Area",44180,Metropolitan Statistical Area,481671,MO,MO,Missouri
"Springfield, OH Metro Area",44220,Metropolitan Statistical Area,135445,OH,OH,Ohio
"State College, PA Metro Area",44300,Metropolitan Statistical Area,158041,PA,PA,Pennsylvania
"Staunton-Stuarts Draft, VA Metro Area",44420,Metropolitan Statistical Area,126052,VA,VA,Virginia
"Stockton-Lodi, CA Metro Area",44700,Metropolitan Statistical Area,787416,CA,CA,California
"Sumter, SC Metro Area",44940,Metropolitan Statistical Area,104853,SC,SC,South Carolina
"Syracuse, NY Metro Area",45060,Metropolitan Statistical Area,657128,NY,NY,New York
"Tallahassee, FL Metro Area",45220,Metropolitan Statistical Area,388298,FL,FL,Florida
"Tampa-St. Petersburg-Clearwater, FL Metro Area",45300,Metropolitan Statistical Area,3240469,FL,FL,Florida
"Terre Haute, IN Metro Area",45460,Metropolitan Statistical Area,168850,IN,IN,Indiana
"Texarkana, TX-AR Metro Area",45500,Metropolitan Statistical Area,146868,TX-AR,TX,Texas
"Toledo, OH Metro Area",45780,Metropolitan Statistical Area,602977,OH,OH,Ohio
"Topeka, KS Metro Area",45820,Metropolitan Statistical Area,232724,KS,KS,Kansas
"Traverse City, MI Metro Area",45900,Metropolitan Statistical Area,154657,MI,MI,Michigan
"Trenton-Princeton, NJ Metro Area",45940,Metropolitan Statistical Area,383286,NJ,NJ,New Jersey
"Tucson, AZ Metro Area",46060,Metropolitan Statistical Area,1049947,AZ,AZ,Arizona
"Tulsa, OK Metro Area",46140,Metropolitan Statistical Area,1026209,OK,OK,Oklahoma
"Tuscaloosa, AL Metro Area",46220,Metropolitan Statistical Area,275217,AL,AL,Alabama
"Twin Falls, ID Metro Area",46300,Metropolitan Statistical Area,116909,ID,ID,Idaho
"Tyler, TX Metro Area",46340,Metropolitan Statistical Area,238014,TX,TX,Texas
"Urban Honolulu, HI Metro Area",46520,Metropolitan Statistical Area,1003666,HI,HI,Hawaii
"Utica-Rome, NY Metro Area",46540,Metropolitan Statistical Area,289577,NY,NY,New York
"Valdosta, GA Metro Area",46660,Metropolitan Statistical Area,149139,GA,GA,Georgia
"Vallejo, CA Metro Area",46700,Metropolitan Statistical Area,450824,CA,CA,California
"Victoria, TX Metro Area",47020,Metropolitan Statistical Area,98377,TX,TX,Texas
"Vineland, NJ Metro Area",47220,Metropolitan Statistical Area,152915,NJ,NJ,New Jersey
"Virginia Beach-Chesapeake-Norfolk, VA-NC Metro Area",47260,Metropolitan Statistical Area,1782590,VA-NC,VA,Virginia
"Visalia, CA Metro Area",47300,Metropolitan Statistical Area,475774,CA,CA,California
"Waco, TX Metro Area",47380,Metropolitan Statistical Area,299217,TX,TX,Texas
"Walla Walla, WA Metro Area",47460,Metropolitan Statistical Area,62102,WA,WA,Washington
"Warner Robins, GA Metro Area",47580,Metropolitan Statistical Area,195171,GA,GA,Georgia
"Washington-Arlington-Alexandria, DC-VA-MD-WV Metro Area",47900,Metropolitan Statistical Area,6263796,DC-VA-MD-WV,DC,District Of Columbia
"Waterbury-Shelton, CT Metro Area",47930,Metropolitan Statistical Area,452303,CT,CT,Connecticut
"Waterloo-Cedar Falls, IA Metro Area",47940,Metropolitan Statistical Area,168163,IA,IA,Iowa
"Watertown-Fort Drum, NY Metro Area",48060,Metropolitan Statistical Area,116130,NY,NY,New York
"Wausau, WI Metro Area",48140,Metropolitan Statistical Area,138067,WI,WI,Wisconsin
"Weirton-Steubenville, WV-OH Metro Area",48260,Metropolitan Statistical Area,115566,WV-OH,WV,West Virginia
"Wenatchee-East Wenatchee, WA Metro Area",48300,Metropolitan Statistical Area,123251,WA,WA,Washington
"Wheeling, WV-OH Metro Area",48540,Metropolitan Statistical Area,138015,WV-OH,WV,West Virginia
"Wichita, KS Metro Area",48620,Metropolitan Statistical Area,648935,KS,KS,Kansas
"Wichita Falls, TX Metro Area",48660,Metropolitan Statistical Area,148978,TX,TX,Texas
"Wildwood-The Villages, FL Metro Area",48680,Metropolitan Statistical Area,137536,FL,FL,Florida
"Williamsport, PA Metro Area",48700,Metropolitan Statistical Area,113570,PA,PA,Pennsylvania
"Wilmington, NC Metro Area",48900,Metropolitan Statistical Area,440578,NC,NC,North Carolina
"Winchester, VA-WV Metro Area",49020,Metropolitan Statistical Area,144676,VA-WV,VA,Virginia
"Winston-Salem, NC Metro Area",49180,Metropolitan Statistical Area,683637,NC,NC,North Carolina
"Worcester, MA Metro Area",49340,Metropolitan Statistical Area,861664,MA,MA,Massachusetts
"Yakima, WA Metro Area",49420,Metropolitan Statistical Area,256605,WA,WA,Washington
"York-Hanover, PA Metro Area",49620,Metropolitan Statistical Area,459312,PA,PA,Pennsylvania
"Youngstown-Warren, OH Metro Area",49660,Metropolitan Statistical Area,428430,OH,OH,Ohio
"Yuba City, CA Metro Area",49700,Metropolitan Statistical Area,182050,CA,CA,California
"Yuma, AZ Metro Area",49740,Metropolitan Statistical Area,207685,AZ,AZ,Arizona